,task_id,experiment,source,difficulty,alpha,informative_d,noise_d,p,method,ari_mean,ari_se,topk_hits_mean,topk_hits_se,time_mean,time_se,B,n_per_cluster
0,0,gamma_1000,gamma,easy,10.0,10,990,1000,pbfi,0.0008465297565258732,0.000803086474071047,0.0,0.0,0.1146623907610774,0.005564084252388657,5000,200
1,0,gamma_1000,gamma,easy,10.0,10,990,1000,lrp,0.0008465297565258732,0.000803086474071047,0.0,0.0,0.918706082738936,0.4336721790177337,5000,200
2,0,gamma_1000,gamma,easy,10.0,10,990,1000,impacc,0.5052149477913134,0.07114907110912497,1.0,0.0,8.452683216705918,0.2382344753886224,5000,200
3,0,gamma_1000,gamma,easy,10.0,10,990,1000,split_cloc,0.0008465297565258732,0.000803086474071047,0.0,0.0,168.14305779915304,2.1035694993406073,5000,200
4,0,gamma_1000,gamma,easy,10.0,10,990,1000,cloc,0.0016179837467326166,0.00036856559030092577,0.0,0.0,1418.2965637613088,16.34913307364388,5000,200
5,0,gamma_1000,gamma,easy,10.0,10,990,1000,rampart,0.5470153066330975,0.12506729551303117,0.72,0.13190905958272922,538.3000360298902,15.309911579796454,5000,200
6,0,gamma_1000,gamma,easy,10.0,10,990,1000,perm,0.000858010076957855,0.0007317868426851028,0.0,0.0,56.8150096738711,1.4662797138842618,5000,200
7,0,gamma_1000,gamma,easy,10.0,10,990,1000,cshap,0.0003428327595176368,0.0006104210575939359,0.1,0.0,32.68918586298823,1.2927346317044415,5000,200
8,0,gamma_1000,gamma,hard,1.0,10,990,1000,pbfi,0.0007240583915440536,0.0003878424091599761,0.0,0.0,0.11887376811355352,0.00639098562029459,5000,200
9,0,gamma_1000,gamma,hard,1.0,10,990,1000,lrp,0.0007240583915440536,0.0003878424091599761,0.0,0.0,1.9256605058908463,1.4594482810045173,5000,200
10,0,gamma_1000,gamma,hard,1.0,10,990,1000,impacc,-3.1683919597356396e-07,1.8611211908363697e-06,0.06000000000000001,0.024494897427831782,8.59242911785841,0.31923097993978017,5000,200
11,0,gamma_1000,gamma,hard,1.0,10,990,1000,split_cloc,0.0007240583915440536,0.0003878424091599761,0.02,0.02,166.9025089563802,5.690252163639492,5000,200
12,0,gamma_1000,gamma,hard,1.0,10,990,1000,cloc,-0.00013524851492560365,0.0006670229132108629,0.02,0.02,1558.5902337972075,68.97551672434844,5000,200
13,0,gamma_1000,gamma,hard,1.0,10,990,1000,rampart,0.008286531239962987,0.005344271898397329,0.06000000000000001,0.04000000000000001,570.7095884328708,28.661953083422127,5000,200
14,0,gamma_1000,gamma,hard,1.0,10,990,1000,perm,0.0005145619841723382,0.0006120282070160035,0.0,0.0,58.6755418041721,2.3877993438886373,5000,200
15,0,gamma_1000,gamma,hard,1.0,10,990,1000,cshap,-0.00026458560932246164,0.000601512518997928,0.1,0.0,36.60333999022841,1.8838645331713664,5000,200
16,0,gamma_20,gamma,easy,10.0,10,10,20,pbfi,0.005981919402144207,0.0022803007560608228,0.02,0.02,0.02224172092974186,0.014801816946307944,5000,200
17,0,gamma_20,gamma,easy,10.0,10,10,20,lrp,0.005981919402144207,0.0022803007560608228,0.4,0.10488088481701516,3.800629972293973,3.4662459447462197,5000,200
18,0,gamma_20,gamma,easy,10.0,10,10,20,impacc,0.2760873497253959,0.08359042119425103,0.28,0.048989794855663564,7.670120323449373,0.3097302133494349,5000,200
19,0,gamma_20,gamma,easy,10.0,10,10,20,split_cloc,0.005981919402144207,0.0022803007560608228,0.5,0.05477225575051659,5.177095909044146,0.4284210827338239,5000,200
20,0,gamma_20,gamma,easy,10.0,10,10,20,cloc,0.010525025008513546,0.008132494773177425,0.1,0.054772255750516606,28.121242426522077,3.34263425404856,5000,200
21,0,gamma_20,gamma,easy,10.0,10,10,20,rampart,0.829212779378351,0.03249879196773011,1.0,0.0,13.830289725773037,0.21246986780993138,5000,200
22,0,gamma_20,gamma,easy,10.0,10,10,20,perm,0.005188482467089296,0.0023964953514325925,0.0,0.0,0.08558018431067467,0.014895765641864562,5000,200
23,0,gamma_20,gamma,easy,10.0,10,10,20,cshap,0.0010098595319450701,0.0008441594649715243,0.0,0.0,12.27362434156239,0.12589524634551413,5000,200
24,0,gamma_20,gamma,hard,1.0,10,10,20,pbfi,0.0005783149456891228,0.00030898314413541577,0.0,0.0,0.030404842272400857,0.02292249966545367,5000,200
25,0,gamma_20,gamma,hard,1.0,10,10,20,lrp,0.0005783149456891228,0.00030898314413541577,0.0,0.0,3.810267278179526,3.4638892626515774,5000,200
26,0,gamma_20,gamma,hard,1.0,10,10,20,impacc,0.0004693119483246473,0.0004473016108709775,0.21999999999999997,0.0374165738677394,8.553761893883348,0.06615205927968941,5000,200
27,0,gamma_20,gamma,hard,1.0,10,10,20,split_cloc,0.0005783149456891228,0.00030898314413541577,0.48,0.0374165738677394,7.522798697650432,1.0975044196404258,5000,200
28,0,gamma_20,gamma,hard,1.0,10,10,20,cloc,0.0006435302723331279,0.0005257207925150255,0.1,0.0316227766016838,29.65055520478636,3.179577449659598,5000,200
29,0,gamma_20,gamma,hard,1.0,10,10,20,rampart,0.08497881387131263,0.009150399189758079,0.8800000000000001,0.0374165738677394,13.724246568977833,0.2549037676765075,5000,200
30,0,gamma_20,gamma,hard,1.0,10,10,20,perm,0.0010382342989172393,0.0005043071259811027,0.0,0.0,0.07499384023249149,0.003922430421640482,5000,200
31,0,gamma_20,gamma,hard,1.0,10,10,20,cshap,-0.00018619561422333203,0.0003185744944828436,0.0,0.0,12.319224129989744,0.16971981407007142,5000,200
32,0,gamma_200,gamma,easy,10.0,10,190,200,pbfi,0.0033296522627030965,0.0010348833083654368,0.0,0.0,0.05141979474574328,0.01589930904547287,5000,200
33,0,gamma_200,gamma,easy,10.0,10,190,200,lrp,0.0033296522627030965,0.0010348833083654368,0.0,0.0,3.8660818617790937,3.449854033903541,5000,200
34,0,gamma_200,gamma,easy,10.0,10,190,200,impacc,0.4308005618662466,0.09876486965166127,0.4800000000000001,0.066332495807108,7.787196162715555,0.24577139689728236,5000,200
35,0,gamma_200,gamma,easy,10.0,10,190,200,split_cloc,0.0033296522627030965,0.0010348833083654368,0.06,0.06,27.80936385858804,2.2142508338789897,5000,200
36,0,gamma_200,gamma,easy,10.0,10,190,200,cloc,0.0038609607332642584,0.0010241883188991001,0.04,0.024494897427831782,171.94972727205604,7.497990558284539,5000,200
37,0,gamma_200,gamma,easy,10.0,10,190,200,rampart,0.8787490497577555,0.04239674174835985,1.0,0.0,86.49002532865852,0.6334405532637591,5000,200
38,0,gamma_200,gamma,easy,10.0,10,190,200,perm,0.0020167127405585775,0.0009222686149056679,0.0,0.0,1.9698567736893893,0.11224018271201469,5000,200
39,0,gamma_200,gamma,easy,10.0,10,190,200,cshap,0.0017383277557813759,0.001032389858862538,0.2,0.0,15.558983543515206,0.3168837622588448,5000,200
40,0,gamma_200,gamma,hard,1.0,10,190,200,pbfi,-3.40405309443653e-05,0.00043801257685910263,0.0,0.0,0.055556276068091395,0.02279150192823943,5000,200
41,0,gamma_200,gamma,hard,1.0,10,190,200,lrp,-3.40405309443653e-05,0.00043801257685910263,0.0,0.0,3.8378929629921914,3.4569503657871317,5000,200
42,0,gamma_200,gamma,hard,1.0,10,190,200,impacc,0.04434843653304997,0.00744629515434846,0.8000000000000002,0.05477225575051662,8.477544984593987,0.30051408367596566,5000,200
43,0,gamma_200,gamma,hard,1.0,10,190,200,split_cloc,-3.40405309443653e-05,0.00043801257685910263,0.06000000000000001,0.04000000000000001,24.265603685379027,2.581685256742675,5000,200
44,0,gamma_200,gamma,hard,1.0,10,190,200,cloc,0.0006925477244710767,0.0005338252263365993,0.04,0.024494897427831782,164.4149866245687,9.082114837189382,5000,200
45,0,gamma_200,gamma,hard,1.0,10,190,200,rampart,0.08732367747678184,0.010072692486653904,0.8,0.04472135954999581,80.26700260806828,2.5550589045282255,5000,200
46,0,gamma_200,gamma,hard,1.0,10,190,200,perm,0.00016220522187680725,9.887018531091637e-05,0.0,0.0,2.147908430546522,0.1016835123485128,5000,200
47,0,gamma_200,gamma,hard,1.0,10,190,200,cshap,-0.00018355797859372303,0.0006305663652654119,0.2,0.0,16.22791579645127,0.17451356634672294,5000,200
48,0,gamma_50,gamma,easy,10.0,10,40,50,pbfi,0.0010188418404596146,0.0006420366606149383,0.0,0.0,0.02762721572071314,0.015204450375727157,5000,200
49,0,gamma_50,gamma,easy,10.0,10,40,50,lrp,0.0010188418404596146,0.0006420366606149383,0.32,0.10677078252031312,3.827438373118639,3.45961158857867,5000,200
50,0,gamma_50,gamma,easy,10.0,10,40,50,impacc,0.28161188362528566,0.05314588721124335,0.45999999999999996,0.039999999999999994,7.2287920821458105,0.5529900345156857,5000,200
51,0,gamma_50,gamma,easy,10.0,10,40,50,split_cloc,0.0010188418404596146,0.0006420366606149383,0.22000000000000003,0.08,8.250452596135437,1.1266004939112726,5000,200
52,0,gamma_50,gamma,easy,10.0,10,40,50,cloc,0.005910718356107111,0.0035081890319764086,0.02,0.02,37.630406596511605,3.7354082366231416,5000,200
53,0,gamma_50,gamma,easy,10.0,10,40,50,rampart,0.7890747892827029,0.006907344805318704,1.0,0.0,26.148318586312236,0.7369577182374631,5000,200
54,0,gamma_50,gamma,easy,10.0,10,40,50,perm,0.006614868063396502,0.002064290187495903,0.0,0.0,0.2206468589603901,0.012250399926558407,5000,200
55,0,gamma_50,gamma,easy,10.0,10,40,50,cshap,0.0017356950757957089,0.0005104374682960449,0.0,0.0,12.968576765432953,0.3421025657153519,5000,200
56,0,gamma_50,gamma,hard,1.0,10,40,50,pbfi,7.904155240572993e-05,0.0005029819896248659,0.0,0.0,0.03615101631730795,0.024536913231849634,5000,200
57,0,gamma_50,gamma,hard,1.0,10,40,50,lrp,7.904155240572993e-05,0.0005029819896248659,0.0,0.0,3.8043631492182612,3.465355572038086,5000,200
58,0,gamma_50,gamma,hard,1.0,10,40,50,impacc,0.02831187288309871,0.004779509203014272,0.58,0.0374165738677394,8.242792217433452,0.33378174408408595,5000,200
59,0,gamma_50,gamma,hard,1.0,10,40,50,split_cloc,7.904155240572993e-05,0.0005029819896248659,0.18,0.03741657386773941,9.453366656042636,2.126152417624231,5000,200
60,0,gamma_50,gamma,hard,1.0,10,40,50,cloc,0.00136193311639413,0.000599961985765123,0.02,0.02,39.50928464382887,3.513376974217108,5000,200
61,0,gamma_50,gamma,hard,1.0,10,40,50,rampart,0.0929575695428949,0.006574738886824862,0.86,0.024494897427831775,27.919276407174767,0.5403345196494058,5000,200
62,0,gamma_50,gamma,hard,1.0,10,40,50,perm,-7.142203948567712e-05,0.0005443707444903124,0.0,0.0,0.3007057160139084,0.06482723169552893,5000,200
63,0,gamma_50,gamma,hard,1.0,10,40,50,cshap,0.0002404261277906956,0.0003167380467301193,0.0,0.0,13.387645162828267,0.5574386525061823,5000,200
64,0,gamma_500,gamma,easy,10.0,10,190,200,pbfi,0.0013017203323300451,0.000658241860921267,0.0,0.0,0.03919993657618761,0.009893585872970562,5000,200
65,0,gamma_500,gamma,easy,10.0,10,190,200,lrp,0.0013017203323300451,0.000658241860921267,0.0,0.0,0.3706976341083646,0.029675678499249895,5000,200
66,0,gamma_500,gamma,easy,10.0,10,190,200,impacc,0.36929947241385,0.08421753436057869,0.45999999999999996,0.024494897427831775,8.198297820053995,0.19433866384601464,5000,200
67,0,gamma_500,gamma,easy,10.0,10,190,200,split_cloc,0.0013017203323300451,0.000658241860921267,0.06000000000000001,0.04000000000000001,20.652403903566302,0.45898956908481486,5000,200
68,0,gamma_500,gamma,easy,10.0,10,190,200,cloc,0.0023853548386049113,0.0015899752119024845,0.04,0.024494897427831782,146.8846282981336,2.143330280420948,5000,200
69,0,gamma_500,gamma,easy,10.0,10,190,200,rampart,0.8029960782945039,0.006405631966134152,1.0,0.0,80.72145280689001,0.6222727787524114,5000,200
70,0,gamma_500,gamma,easy,10.0,10,190,200,perm,0.0024731837298273907,0.0012091011070784067,0.0,0.0,1.9852311877533793,0.0764572984448463,5000,200
71,0,gamma_500,gamma,easy,10.0,10,190,200,cshap,0.0007205099037181888,0.0003362726241360445,0.2,0.0,15.44310652129352,0.21877310392618016,5000,200
72,0,gamma_500,gamma,hard,1.0,10,190,200,pbfi,0.0007097088643016659,0.000702383121620374,0.0,0.0,0.04141641110181808,0.008896995888449284,5000,200
73,0,gamma_500,gamma,hard,1.0,10,190,200,lrp,0.0007097088643016659,0.000702383121620374,0.0,0.0,0.397071841545403,0.02706151955616978,5000,200
74,0,gamma_500,gamma,hard,1.0,10,190,200,impacc,0.04154581334956412,0.0033205988649785212,0.8800000000000001,0.05830951894845301,8.11504083070904,0.14490103918236483,5000,200
75,0,gamma_500,gamma,hard,1.0,10,190,200,split_cloc,0.0007097088643016659,0.000702383121620374,0.0,0.0,20.621305258758365,0.36682827953583963,5000,200
76,0,gamma_500,gamma,hard,1.0,10,190,200,cloc,7.294902082497202e-05,0.0003898450104562912,0.02,0.02,147.17178977746516,1.4890493065281774,5000,200
77,0,gamma_500,gamma,hard,1.0,10,190,200,rampart,0.08828729781669081,0.008596588031021602,0.8,0.0632455532033676,82.62777499556542,0.27971663160665694,5000,200
78,0,gamma_500,gamma,hard,1.0,10,190,200,perm,-0.0001173557072843131,0.00033646948260594934,0.0,0.0,1.9111012533307075,0.053712187282893106,5000,200
79,0,gamma_500,gamma,hard,1.0,10,190,200,cshap,-6.291717714366953e-05,0.000472284383546199,0.18,0.02,15.067848283238709,0.1647371237801544,5000,200
80,0,gaussian_1000,gaussian,easy,2.2,10,990,1000,pbfi,0.9298767156487969,0.04294680370715902,1.0,0.0,0.08901734966784716,0.010140771752272439,5000,200
81,0,gaussian_1000,gaussian,easy,2.2,10,990,1000,lrp,0.9298767156487969,0.04294680370715902,1.0,0.0,3.5019085500389338,1.8837778230176414,5000,200
82,0,gaussian_1000,gaussian,easy,2.2,10,990,1000,impacc,0.6593821212168522,0.11739382978770461,0.9199999999999999,0.04898979485566355,7.547646988369524,0.48772804256977803,5000,200
83,0,gaussian_1000,gaussian,easy,2.2,10,990,1000,split_cloc,0.9298767156487969,0.04294680370715902,0.02,0.02,146.35103528276085,2.755130187999669,5000,200
84,0,gaussian_1000,gaussian,easy,2.2,10,990,1000,cloc,0.8887768205948628,0.045540807850129914,0.9800000000000001,0.019999999999999993,1295.7350166697056,9.453553240470804,5000,200
85,0,gaussian_1000,gaussian,easy,2.2,10,990,1000,rampart,0.6950429583905697,0.13765607183867848,0.64,0.10770329614269009,478.3755921015516,3.0938287639882747,5000,200
86,0,gaussian_1000,gaussian,easy,2.2,10,990,1000,perm,0.863033447666998,0.034892850036526916,0.7200000000000001,0.066332495807108,53.060349989309906,0.5074528140084957,5000,200
87,0,gaussian_1000,gaussian,easy,2.2,10,990,1000,cshap,0.3079892825329563,0.06046899787615756,0.1,0.0,31.03111231122166,0.661171620988969,5000,200
88,0,gaussian_1000,gaussian,hard,1.7,10,990,1000,pbfi,0.8141833754631438,0.05268846311587072,1.0,0.0,0.09909344874322415,0.00929685659722155,5000,200
89,0,gaussian_1000,gaussian,hard,1.7,10,990,1000,lrp,0.8141833754631438,0.05268846311587072,1.0,0.0,0.45980562679469583,0.010698935573941599,5000,200
90,0,gaussian_1000,gaussian,hard,1.7,10,990,1000,impacc,0.7538339196272229,0.04263783823584487,1.0,0.0,8.161026300117374,0.11015625473504237,5000,200
91,0,gaussian_1000,gaussian,hard,1.7,10,990,1000,split_cloc,0.8141833754631438,0.05268846311587072,0.02,0.02,154.29021837301553,3.10661594465663,5000,200
92,0,gaussian_1000,gaussian,hard,1.7,10,990,1000,cloc,0.9043497841105175,0.06229847813588729,0.96,0.024494897427831775,1295.814821258001,11.124382248419746,5000,200
93,0,gaussian_1000,gaussian,hard,1.7,10,990,1000,rampart,0.47815869318841686,0.14282941011758488,0.44000000000000006,0.14696938456699069,476.16489610634744,5.125703383524544,5000,200
94,0,gaussian_1000,gaussian,hard,1.7,10,990,1000,perm,0.789658697162279,0.06141751078132085,0.76,0.07483314773547883,52.5637106243521,0.6005145334160171,5000,200
95,0,gaussian_1000,gaussian,hard,1.7,10,990,1000,cshap,0.3184953166492036,0.04362346297313614,0.1,0.0,30.97535313554108,0.32941967407285133,5000,200
96,0,gaussian_20,gaussian,easy,2.2,10,10,20,pbfi,1.0,0.0,1.0,0.0,0.028390016593039035,0.024049810804619893,5000,200
97,0,gaussian_20,gaussian,easy,2.2,10,10,20,lrp,1.0,0.0,1.0,0.0,1.165558483824134,0.4858143083784812,5000,200
98,0,gaussian_20,gaussian,easy,2.2,10,10,20,impacc,0.9993321376780635,0.00040898047679370123,0.6,0.08366600265340755,8.818079504184425,0.1770450063133378,5000,200
99,0,gaussian_20,gaussian,easy,2.2,10,10,20,split_cloc,1.0,0.0,0.8,0.0316227766016838,15.913148608058691,3.329732927149928,5000,200
100,0,gaussian_20,gaussian,easy,2.2,10,10,20,cloc,0.9233113591442204,0.04696208406643088,1.0,0.0,42.4333633961156,8.99023932477432,5000,200
101,0,gaussian_20,gaussian,easy,2.2,10,10,20,rampart,0.9616107151065393,0.03838928489346067,1.0,0.0,15.049928343854845,0.5064091311776981,5000,200
102,0,gaussian_20,gaussian,easy,2.2,10,10,20,perm,1.0,0.0,0.68,0.037416573867739424,0.08508128859102726,0.0022777699905940315,5000,200
103,0,gaussian_20,gaussian,easy,2.2,10,10,20,cshap,0.9686748638826405,0.03132513611735956,1.0,0.0,13.312178786098958,0.27513389786337145,5000,200
104,0,gaussian_20,gaussian,hard,1.7,10,10,20,pbfi,0.9228576764306672,0.047239949101840026,1.0,0.0,0.02841816283762455,0.02428708590874718,5000,200
105,0,gaussian_20,gaussian,hard,1.7,10,10,20,lrp,0.9228576764306672,0.047239949101840026,1.0,0.0,0.8407138833776117,0.4839566278279883,5000,200
106,0,gaussian_20,gaussian,hard,1.7,10,10,20,impacc,0.8743504758635527,0.029976857309469772,0.6199999999999999,0.04898979485566355,8.785099550522864,0.37074012014569546,5000,200
107,0,gaussian_20,gaussian,hard,1.7,10,10,20,split_cloc,0.9228576764306672,0.047239949101840026,0.64,0.07483314773547883,14.533092200011016,3.8876570786734663,5000,200
108,0,gaussian_20,gaussian,hard,1.7,10,10,20,cloc,0.9235765958486581,0.04680003444035675,1.0,0.0,43.118290732614696,8.61372642160551,5000,200
109,0,gaussian_20,gaussian,hard,1.7,10,10,20,rampart,0.884608330080644,0.047109189436393584,1.0,0.0,15.46443104352802,0.34996335537390266,5000,200
110,0,gaussian_20,gaussian,hard,1.7,10,10,20,perm,0.8849037432761715,0.04698791211967027,0.8,0.0632455532033676,0.10155925415456295,0.01553002322555906,5000,200
111,0,gaussian_20,gaussian,hard,1.7,10,10,20,cshap,0.5354939288562248,0.13893698577538066,0.96,0.039999999999999994,13.51535009611398,0.3149616399445038,5000,200
112,0,gaussian_200,gaussian,easy,2.2,10,190,200,pbfi,0.931334828844481,0.04216518018242889,1.0,0.0,0.04211603049188852,0.02265387439405046,5000,200
113,0,gaussian_200,gaussian,easy,2.2,10,190,200,lrp,0.931334828844481,0.04216518018242889,1.0,0.0,0.8623030193150043,0.4807999191444276,5000,200
114,0,gaussian_200,gaussian,easy,2.2,10,190,200,impacc,0.8490231140167877,0.09246719828648114,0.6399999999999999,0.08124038404635961,8.060805863514542,0.36252803352032603,5000,200
115,0,gaussian_200,gaussian,easy,2.2,10,190,200,split_cloc,0.931334828844481,0.04216518018242889,0.1,0.044721359549995794,17.600034984387456,0.8480831210591274,5000,200
116,0,gaussian_200,gaussian,easy,2.2,10,190,200,cloc,0.9295684164748532,0.04341696522434673,1.0,0.0,152.03915643859654,13.233054299428572,5000,200
117,0,gaussian_200,gaussian,easy,2.2,10,190,200,rampart,0.884964866737835,0.04696296186007925,1.0,0.0,86.31789259798825,3.6223338275052273,5000,200
118,0,gaussian_200,gaussian,easy,2.2,10,190,200,perm,0.9618855952139915,0.03811440478600847,0.7,0.0,2.1625022048130633,0.18992597402193848,5000,200
119,0,gaussian_200,gaussian,easy,2.2,10,190,200,cshap,0.2926143978882815,0.04987820319259011,0.2,0.0,16.097899822704495,0.3555182816014163,5000,200
120,0,gaussian_200,gaussian,hard,1.7,10,190,200,pbfi,0.8577521170323796,0.03610177259706666,1.0,0.0,0.04145489539951086,0.02206031842280012,5000,200
121,0,gaussian_200,gaussian,hard,1.7,10,190,200,lrp,0.8577521170323796,0.03610177259706666,1.0,0.0,0.8900203922763467,0.4973248521008277,5000,200
122,0,gaussian_200,gaussian,hard,1.7,10,190,200,impacc,0.7184131512902858,0.09416950465452545,0.54,0.06782329983125267,8.359498866833746,0.28881069227129874,5000,200
123,0,gaussian_200,gaussian,hard,1.7,10,190,200,split_cloc,0.8577521170323796,0.03610177259706666,0.04,0.04,21.1943971760571,2.6737485963871324,5000,200
124,0,gaussian_200,gaussian,hard,1.7,10,190,200,cloc,0.8875729770403865,0.0461165732155667,0.9800000000000001,0.019999999999999997,150.41473935507238,11.317250700274691,5000,200
125,0,gaussian_200,gaussian,hard,1.7,10,190,200,rampart,0.9200066517640935,0.04765770248693773,1.0,0.0,87.29643849954009,5.462403735424673,5000,200
126,0,gaussian_200,gaussian,hard,1.7,10,190,200,perm,0.9300820626059269,0.06950127552409324,0.86,0.07483314773547883,2.0466501591727138,0.15154801321888595,5000,200
127,0,gaussian_200,gaussian,hard,1.7,10,190,200,cshap,0.2604749143200247,0.044149214623068644,0.2,0.0,15.853424832224846,0.5350618395395698,5000,200
128,0,gaussian_50,gaussian,easy,2.2,10,40,50,pbfi,0.9235555721591844,0.04681326944523541,1.0,0.0,0.030075009167194366,0.02344657794744157,5000,200
129,0,gaussian_50,gaussian,easy,2.2,10,40,50,lrp,0.9235555721591844,0.04681326944523541,1.0,0.0,0.8615021849051118,0.4779356639884647,5000,200
130,0,gaussian_50,gaussian,easy,2.2,10,40,50,impacc,0.9088578641704824,0.036870607638974345,0.78,0.08,8.67817491479218,0.3379191859993297,5000,200
131,0,gaussian_50,gaussian,easy,2.2,10,40,50,split_cloc,0.9235555721591844,0.04681326944523541,0.24,0.05099019513592785,13.69973066225648,3.171378215022797,5000,200
132,0,gaussian_50,gaussian,easy,2.2,10,40,50,cloc,0.9235348010012995,0.0468252727540521,1.0,0.0,53.32809620592743,8.838073638684596,5000,200
133,0,gaussian_50,gaussian,easy,2.2,10,40,50,rampart,0.884936034760617,0.04697480536736467,1.0,0.0,30.533268440514803,1.8652977546315261,5000,200
134,0,gaussian_50,gaussian,easy,2.2,10,40,50,perm,0.9617085047459769,0.03829149525402315,0.6599999999999999,0.024494897427831775,0.2378001768141985,0.008888827334533696,5000,200
135,0,gaussian_50,gaussian,easy,2.2,10,40,50,cshap,0.6863369946538072,0.09515748174738792,0.96,0.039999999999999994,13.7804917531088,0.26565285310340436,5000,200
136,0,gaussian_50,gaussian,hard,1.7,10,40,50,pbfi,0.9230911878688666,0.047097176415465784,1.0,0.0,0.03132287319749594,0.023288312876661308,5000,200
137,0,gaussian_50,gaussian,hard,1.7,10,40,50,lrp,0.9230911878688666,0.047097176415465784,1.0,0.0,0.8757821522653103,0.4748420202129279,5000,200
138,0,gaussian_50,gaussian,hard,1.7,10,40,50,impacc,0.8200712181484437,0.02402930000318609,0.74,0.05099019513592786,8.696749098226428,0.07517710775714108,5000,200
139,0,gaussian_50,gaussian,hard,1.7,10,40,50,split_cloc,0.9230911878688666,0.047097176415465784,0.32,0.048989794855663564,15.112444972619414,2.901323146666942,5000,200
140,0,gaussian_50,gaussian,hard,1.7,10,40,50,cloc,0.8864616657469965,0.04637438093329253,1.0,0.0,54.72836208064109,9.221438583188702,5000,200
141,0,gaussian_50,gaussian,hard,1.7,10,40,50,rampart,0.884765724644873,0.04704686467318076,1.0,0.0,29.720846745185554,1.0457704907627519,5000,200
142,0,gaussian_50,gaussian,hard,1.7,10,40,50,perm,0.8929433671598407,0.043718413209066546,0.8200000000000001,0.04898979485566357,0.23302867747843264,0.010192961052669983,5000,200
143,0,gaussian_50,gaussian,hard,1.7,10,40,50,cshap,0.2981496115443466,0.05013642447480608,0.9,0.04472135954999578,13.97715565674007,0.32023483951397186,5000,200
144,0,gaussian_500,gaussian,easy,2.2,10,490,500,pbfi,0.8927751972600863,0.043855678637837646,1.0,0.0,0.0615612268447876,0.019788160181223917,5000,200
145,0,gaussian_500,gaussian,easy,2.2,10,490,500,lrp,0.8927751972600863,0.043855678637837646,1.0,0.0,0.8525604117661715,0.4827183018009182,5000,200
146,0,gaussian_500,gaussian,easy,2.2,10,490,500,impacc,0.8992072500050184,0.041956149751161666,0.8800000000000001,0.08,7.981878951750696,0.2552347386296068,5000,200
147,0,gaussian_500,gaussian,easy,2.2,10,490,500,split_cloc,0.8927751972600863,0.043855678637837646,0.02,0.02,55.67157530132681,3.05376196807767,5000,200
148,0,gaussian_500,gaussian,easy,2.2,10,490,500,cloc,0.8185815864102729,0.05448659925659931,0.9800000000000001,0.019999999999999997,438.94429596122353,15.570543862859676,5000,200
149,0,gaussian_500,gaussian,easy,2.2,10,490,500,rampart,0.8466942081314326,0.038327168132716444,1.0,0.0,226.04746041968465,7.8606853515797726,5000,200
150,0,gaussian_500,gaussian,easy,2.2,10,490,500,perm,0.8515211017965392,0.037158065226159345,0.7200000000000001,0.020000000000000018,12.94174112919718,0.48679016574858947,5000,200
151,0,gaussian_500,gaussian,easy,2.2,10,490,500,cshap,0.28344112028799756,0.044094175978947873,0.1,0.0,18.078431867435576,0.43078337759397956,5000,200
152,0,gaussian_500,gaussian,hard,1.7,10,490,500,pbfi,0.7865591551621359,0.06419266475120176,1.0,0.0,0.05329521093517542,0.010596723754937294,5000,200
153,0,gaussian_500,gaussian,hard,1.7,10,490,500,lrp,0.7865591551621359,0.06419266475120176,1.0,0.0,0.3568339843302965,0.00851054715717229,5000,200
154,0,gaussian_500,gaussian,hard,1.7,10,490,500,impacc,0.835671456043421,0.08426553188738826,0.8600000000000001,0.07483314773547882,7.677097495086491,0.32545874160595695,5000,200
155,0,gaussian_500,gaussian,hard,1.7,10,490,500,split_cloc,0.7865591551621359,0.06419266475120176,0.04,0.024494897427831782,58.39861002638936,2.0756851893037593,5000,200
156,0,gaussian_500,gaussian,hard,1.7,10,490,500,cloc,0.8851476698015345,0.046210576180209656,0.9800000000000001,0.019999999999999993,427.6266269752756,7.08531008827179,5000,200
157,0,gaussian_500,gaussian,hard,1.7,10,490,500,rampart,0.9207928175503121,0.04785172267109883,1.0,0.0,219.91622934099286,4.107629245367778,5000,200
158,0,gaussian_500,gaussian,hard,1.7,10,490,500,perm,0.8867129693457244,0.045920049354948145,0.86,0.050990195135927854,12.771120668202638,0.4370118422350651,5000,200
159,0,gaussian_500,gaussian,hard,1.7,10,490,500,cshap,0.28245267835587573,0.034965536827023275,0.1,0.0,18.097573929466307,0.4496309290935476,5000,200
160,0,moon_1000,moon-donut,easy,2.4,10,990,1000,pbfi,0.05392958159262033,0.02130825042926023,0.2,0.054772255750516606,0.11004392504692077,0.010569886665722568,5000,200
161,0,moon_1000,moon-donut,easy,2.4,10,990,1000,lrp,0.05392958159262033,0.02130825042926023,0.76,0.1913112646970899,4.09579808972776,2.3644701087242614,5000,200
162,0,moon_1000,moon-donut,easy,2.4,10,990,1000,impacc,0.47167053400522396,0.12976029565810937,0.86,0.039999999999999994,7.9855590837076305,0.09535501883851015,5000,200
163,0,moon_1000,moon-donut,easy,2.4,10,990,1000,split_cloc,0.05392958159262033,0.02130825042926023,0.04,0.04,173.01693960018457,3.260338687942961,5000,200
164,0,moon_1000,moon-donut,easy,2.4,10,990,1000,cloc,0.025179274674629864,0.006473451105242357,0.3,0.08366600265340755,1416.0145648349076,36.16699773346343,5000,200
165,0,moon_1000,moon-donut,easy,2.4,10,990,1000,rampart,0.9389670763517864,0.028418027213585724,0.9800000000000001,0.019999999999999997,531.1325823565945,20.007191221482334,5000,200
166,0,moon_1000,moon-donut,easy,2.4,10,990,1000,perm,0.025179274674629864,0.006473451105242357,0.02,0.02,1087.756460157223,8.845495539554284,5000,200
167,0,moon_1000,moon-donut,easy,2.4,10,990,1000,cshap,0.10897974389452006,0.04249395860160129,0.1,0.0,31.701998967304824,1.4128516581206427,5000,200
168,0,moon_1000,moon-donut,hard,1.2,10,990,1000,pbfi,0.0016153041040117843,0.0008548320645515836,0.0,0.0,0.19536170959472657,0.08851305906276193,5000,200
169,0,moon_1000,moon-donut,hard,1.2,10,990,1000,lrp,0.0016153041040117843,0.0008548320645515836,0.1,0.10000000000000002,8.259717297554015,1.8948048272998992,5000,200
170,0,moon_1000,moon-donut,hard,1.2,10,990,1000,impacc,0.17785505504941598,0.013766794467319874,0.96,0.024494897427831775,22.62247098721564,15.092603532001522,5000,200
171,0,moon_1000,moon-donut,hard,1.2,10,990,1000,split_cloc,0.0016153041040117843,0.0008548320645515836,0.0,0.0,382.0469191282988,216.019609577401,5000,200
172,0,moon_1000,moon-donut,hard,1.2,10,990,1000,cloc,-0.0002754209884438644,0.00028139592159324257,0.0,0.0,3521.7989261636512,2196.510452853798,5000,200
173,0,moon_1000,moon-donut,hard,1.2,10,990,1000,rampart,0.47202945354703507,0.07488514336399235,0.86,0.06782329983125268,670.2263412026689,189.8499517563644,5000,200
174,0,moon_1000,moon-donut,hard,1.2,10,990,1000,perm,-0.0002754209884438644,0.00028139592159324257,0.04,0.04,2753.5877577984706,1728.4178488544278,5000,200
175,0,moon_1000,moon-donut,hard,1.2,10,990,1000,cshap,0.00028790236213327875,0.00036870492973929025,0.1,0.0,31.881165821477772,2.8567997035520363,5000,200
176,0,moon_20,moon-donut,easy,2.4,10,10,20,pbfi,0.4965091067500351,0.0703394275060175,0.64,0.050990195135927854,0.016168245673179628,0.009344128011010146,5000,200
177,0,moon_20,moon-donut,easy,2.4,10,10,20,lrp,0.4965091067500351,0.0703394275060175,0.9800000000000001,0.019999999999999997,0.31676324233412745,0.013759912685096878,5000,200
178,0,moon_20,moon-donut,easy,2.4,10,10,20,impacc,0.9063586497132763,0.05117154900994706,0.5599999999999999,0.039999999999999994,7.4656484099105,0.15479105754406716,5000,200
179,0,moon_20,moon-donut,easy,2.4,10,10,20,split_cloc,0.4965091067500351,0.0703394275060175,0.6,0.04472135954999578,5.519902249239385,0.7635996565128262,5000,200
180,0,moon_20,moon-donut,easy,2.4,10,10,20,cloc,0.5239918550751328,0.06543339890635072,1.0,0.0,29.469721276313066,3.8566400724583887,5000,200
181,0,moon_20,moon-donut,easy,2.4,10,10,20,rampart,0.9528131106191255,0.029319738774581522,1.0,0.0,20.414283769764005,1.437706799031804,5000,200
182,0,moon_20,moon-donut,easy,2.4,10,10,20,perm,0.5239918550751328,0.06543339890635072,0.5,0.09486832980505139,7.434707910194993,0.5547950567205071,5000,200
183,0,moon_20,moon-donut,easy,2.4,10,10,20,cshap,0.23499434738608463,0.018763862173848345,0.32,0.05830951894845301,12.009901535697281,0.3425011654197224,5000,200
184,0,moon_20,moon-donut,hard,1.2,10,10,20,pbfi,0.11615084298268438,0.03326086312184904,0.34,0.06782329983125268,0.028323751129209995,0.01934395030287299,5000,200
185,0,moon_20,moon-donut,hard,1.2,10,10,20,lrp,0.11615084298268438,0.03326086312184904,0.82,0.019999999999999993,0.822679252922535,0.48683581618103683,5000,200
186,0,moon_20,moon-donut,hard,1.2,10,10,20,impacc,0.14546408430002716,0.06837752253565098,0.34,0.04000000000000001,8.345788254588843,0.44215091219722213,5000,200
187,0,moon_20,moon-donut,hard,1.2,10,10,20,split_cloc,0.11615084298268438,0.03326086312184904,0.6,0.08366600265340755,6.931977682374418,1.2229291891448386,5000,200
188,0,moon_20,moon-donut,hard,1.2,10,10,20,cloc,0.18166159666873039,0.027463749698084843,0.82,0.08602325267042626,32.72791715152562,5.713142355429103,5000,200
189,0,moon_20,moon-donut,hard,1.2,10,10,20,rampart,0.9828647580689154,0.007754372433517059,1.0,0.0,19.31166657842696,0.8327804338526887,5000,200
190,0,moon_20,moon-donut,hard,1.2,10,10,20,perm,0.18166159666873039,0.027463749698084843,0.5599999999999999,0.050990195135927834,8.335024620778858,0.5888207684900949,5000,200
191,0,moon_20,moon-donut,hard,1.2,10,10,20,cshap,0.1276331371703993,0.02894791783556817,0.31999999999999995,0.1019803902718557,12.623099351488055,0.4054666767952014,5000,200
192,0,moon_200,moon-donut,easy,2.4,10,190,200,pbfi,0.29596111819864485,0.01638469932243702,0.7200000000000001,0.037416573867739424,0.04684267546981573,0.017297658870963822,5000,200
193,0,moon_200,moon-donut,easy,2.4,10,190,200,lrp,0.29596111819864485,0.01638469932243702,1.0,0.0,0.8146061480045319,0.478169872562442,5000,200
194,0,moon_200,moon-donut,easy,2.4,10,190,200,impacc,0.7286468164344686,0.16791529286880733,0.5399999999999999,0.0812403840463596,7.494992291741073,0.40644092558416023,5000,200
195,0,moon_200,moon-donut,easy,2.4,10,190,200,split_cloc,0.29596111819864485,0.01638469932243702,0.33999999999999997,0.08717797887081347,22.147511965222655,1.883822292580284,5000,200
196,0,moon_200,moon-donut,easy,2.4,10,190,200,cloc,0.23598739291570422,0.014277737656038899,0.72,0.05830951894845301,150.2948196899146,10.266582453471356,5000,200
197,0,moon_200,moon-donut,easy,2.4,10,190,200,rampart,0.9936455518665841,0.0063544481334158135,1.0,0.0,88.59631756022573,6.451520159793025,5000,200
198,0,moon_200,moon-donut,easy,2.4,10,190,200,perm,0.23598739291570422,0.014277737656038899,0.18,0.058309518948452994,94.8841952636838,5.635953997486096,5000,200
199,0,moon_200,moon-donut,easy,2.4,10,190,200,cshap,0.2380020896505516,0.01927033847959724,0.2,0.0,14.626373002305627,0.5413014237283309,5000,200
200,0,moon_200,moon-donut,hard,1.2,10,190,200,pbfi,0.007126428701974966,0.0022065396945894094,0.0,0.0,0.04782765377312899,0.01715032077854482,5000,200
201,0,moon_200,moon-donut,hard,1.2,10,190,200,lrp,0.007126428701974966,0.0022065396945894094,0.52,0.16248076809271922,0.8298032550141216,0.4750811599836043,5000,200
202,0,moon_200,moon-donut,hard,1.2,10,190,200,impacc,0.28457082070307954,0.04876579020782876,0.6,0.031622776601683784,7.9241902539506555,0.18764150823047776,5000,200
203,0,moon_200,moon-donut,hard,1.2,10,190,200,split_cloc,0.007126428701974966,0.0022065396945894094,0.06000000000000001,0.024494897427831782,23.688965648971497,1.5571608766140355,5000,200
204,0,moon_200,moon-donut,hard,1.2,10,190,200,cloc,0.006014798296680576,0.003142457724876064,0.06000000000000001,0.04000000000000001,149.59653130378575,10.391435216845391,5000,200
205,0,moon_200,moon-donut,hard,1.2,10,190,200,rampart,0.7402575117807724,0.06701004395383112,1.0,0.0,87.09802871290594,3.7572343520277816,5000,200
206,0,moon_200,moon-donut,hard,1.2,10,190,200,perm,0.006014798296680576,0.003142457724876064,0.04,0.04,101.04173134919256,6.341178925563167,5000,200
207,0,moon_200,moon-donut,hard,1.2,10,190,200,cshap,0.0033120569351040587,0.002105296189333522,0.15999999999999998,0.024494897427831782,14.575265821628273,0.42947457769776665,5000,200
208,0,moon_50,moon-donut,easy,2.4,10,40,50,pbfi,0.4735063847938771,0.04938441111966463,0.8200000000000001,0.07348469228349536,0.031364315561950205,0.018904606883578957,5000,200
209,0,moon_50,moon-donut,easy,2.4,10,40,50,lrp,0.4735063847938771,0.04938441111966463,1.0,0.0,0.8235662672668695,0.47598497042603094,5000,200
210,0,moon_50,moon-donut,easy,2.4,10,40,50,impacc,0.6675516891784546,0.12856577277617326,0.7799999999999999,0.08000000000000002,7.895150292478502,0.227528268857463,5000,200
211,0,moon_50,moon-donut,easy,2.4,10,40,50,split_cloc,0.4735063847938771,0.04938441111966463,0.56,0.039999999999999994,9.249352783896029,1.427711737331965,5000,200
212,0,moon_50,moon-donut,easy,2.4,10,40,50,cloc,0.409261999694419,0.04699636470915412,0.9400000000000001,0.024494897427831775,49.77679973356426,5.966530788455743,5000,200
213,0,moon_50,moon-donut,easy,2.4,10,40,50,rampart,0.9566800939883123,0.038387017983496134,1.0,0.0,35.74238791354001,1.1011675107618106,5000,200
214,0,moon_50,moon-donut,easy,2.4,10,40,50,perm,0.409261999694419,0.04699636470915412,0.4,0.08944271909999157,20.584079509228467,0.27330164994212225,5000,200
215,0,moon_50,moon-donut,easy,2.4,10,40,50,cshap,0.22528276806819,0.019729330767000803,0.4,0.07071067811865475,12.8360495461151,0.24827480984109418,5000,200
216,0,moon_50,moon-donut,hard,1.2,10,40,50,pbfi,0.12149467267271574,0.02900383145857713,0.2,0.04472135954999579,0.030434305779635906,0.01886468458817262,5000,200
217,0,moon_50,moon-donut,hard,1.2,10,40,50,lrp,0.12149467267271574,0.02900383145857713,0.76,0.06782329983125268,0.8333823939785361,0.4741245843341657,5000,200
218,0,moon_50,moon-donut,hard,1.2,10,40,50,impacc,0.16084952442396777,0.061522747081032954,0.3,0.07745966692414835,8.15673206411302,0.3351380546539509,5000,200
219,0,moon_50,moon-donut,hard,1.2,10,40,50,split_cloc,0.12149467267271574,0.02900383145857713,0.36,0.06782329983125268,10.031502169556916,1.3143091010475267,5000,200
220,0,moon_50,moon-donut,hard,1.2,10,40,50,cloc,0.0906193678472094,0.01790852862954291,0.6599999999999999,0.07483314773547883,51.00323974210769,5.825175872883631,5000,200
221,0,moon_50,moon-donut,hard,1.2,10,40,50,rampart,0.703641527552307,0.053344825854677695,1.0,0.0,34.824703072197735,0.7026211349382746,5000,200
222,0,moon_50,moon-donut,hard,1.2,10,40,50,perm,0.0906193678472094,0.01790852862954291,0.18,0.03741657386773941,21.586755850538612,0.46214933735702307,5000,200
223,0,moon_50,moon-donut,hard,1.2,10,40,50,cshap,0.11007431080847577,0.015313551956013173,0.26,0.05099019513592785,12.596009163931011,0.2903977988748227,5000,200
224,0,moon_500,moon-donut,easy,2.4,10,490,500,pbfi,0.18067626047086333,0.009184451801173069,0.64,0.06782329983125268,0.0884443026036024,0.015552364343636473,5000,200
225,0,moon_500,moon-donut,easy,2.4,10,490,500,lrp,0.18067626047086333,0.009184451801173069,0.9400000000000001,0.039999999999999994,6.453655830770731,2.1754332587991025,5000,200
226,0,moon_500,moon-donut,easy,2.4,10,490,500,impacc,0.5749068061563894,0.10351916483340712,0.74,0.050990195135927854,8.156307980418205,0.5861778121761189,5000,200
227,0,moon_500,moon-donut,easy,2.4,10,490,500,split_cloc,0.18067626047086333,0.009184451801173069,0.1,0.0316227766016838,80.26135896258056,1.598668739955681,5000,200
228,0,moon_500,moon-donut,easy,2.4,10,490,500,cloc,0.08913208994132364,0.007728494338491144,0.52,0.08602325267042626,506.6025749498978,2.7756626576995918,5000,200
229,0,moon_500,moon-donut,easy,2.4,10,490,500,rampart,0.9860717066779662,0.01269217749076776,1.0,0.0,316.91920693349095,4.164782478075605,5000,200
230,0,moon_500,moon-donut,easy,2.4,10,490,500,perm,0.08913208994132364,0.007728494338491144,0.08,0.03741657386773942,496.2493071269244,4.683328469061499,5000,200
231,0,moon_500,moon-donut,easy,2.4,10,490,500,cshap,0.2062635630545333,0.026107657854460307,0.1,0.0,20.188305710814895,0.16978250107929463,5000,200
232,0,moon_500,moon-donut,hard,1.2,10,490,500,pbfi,0.002003922029725814,0.0008879369539663547,0.0,0.0,0.06484113670885563,0.008650190437290812,5000,200
233,0,moon_500,moon-donut,hard,1.2,10,490,500,lrp,0.002003922029725814,0.0008879369539663547,0.38,0.19339079605813717,1.8918129093945026,1.5310043583392519,5000,200
234,0,moon_500,moon-donut,hard,1.2,10,490,500,impacc,0.3058444685676719,0.049959456294736804,0.86,0.024494897427831775,8.40953542534262,0.3114987523730389,5000,200
235,0,moon_500,moon-donut,hard,1.2,10,490,500,split_cloc,0.002003922029725814,0.0008879369539663547,0.02,0.02,65.45398150067777,1.0642506863172236,5000,200
236,0,moon_500,moon-donut,hard,1.2,10,490,500,cloc,0.0006449714790997918,0.0006570367690295713,0.0,0.0,460.13901109918953,4.398855153457558,5000,200
237,0,moon_500,moon-donut,hard,1.2,10,490,500,rampart,0.6515297827319609,0.05091764589595101,1.0,0.0,234.5155709305778,2.2936049883021523,5000,200
238,0,moon_500,moon-donut,hard,1.2,10,490,500,perm,0.0006449714790997918,0.0006570367690295713,0.0,0.0,381.2792571444064,5.008940472559113,5000,200
239,0,moon_500,moon-donut,hard,1.2,10,490,500,cshap,0.0028123465286444297,0.0010467191337581354,0.1,0.0,18.61103669516742,0.3498461952605047,5000,200
0,0,gamma_1000,gamma,easy,10.0,10,990,1000,pbfi,0.0010356132705621613,0.00030185817190396,0.0,0.0,0.15063137184188236,0.018011412414764845,5000,200
1,0,gamma_1000,gamma,easy,10.0,10,990,1000,lrp,0.0010356132705621613,0.00030185817190396,0.0,0.0,0.9711847634403966,0.24451736325352957,5000,200
2,0,gamma_1000,gamma,easy,10.0,10,990,1000,impacc,0.4731817197945996,0.04425834724806102,0.96,0.011239029738980326,9.236077264093911,0.5251145268665656,5000,200
3,0,gamma_1000,gamma,easy,10.0,10,990,1000,split_cloc,0.0010356132705621613,0.00030185817190396,0.01,0.006882472016116852,366.2964841236884,14.126799856231685,5000,200
4,0,gamma_1000,gamma,easy,10.0,10,990,1000,cloc,0.0012694773202116224,0.0002950199573831648,0.01,0.006882472016116852,126.68674204155396,5.426067669596277,5000,200
5,0,gamma_1000,gamma,easy,10.0,10,990,1000,rampart,-0.00024080341646573033,0.0003157451866711139,0.0,0.0,164.24483414844434,7.354328202850545,5000,200
6,0,gamma_1000,gamma,easy,10.0,10,990,1000,perm,0.0007172587986974602,0.00020679469525800747,0.0,0.0,67.14128488764982,2.8391229497177526,5000,200
7,0,gamma_1000,gamma,easy,10.0,10,990,1000,cshap,0.00037915532336880206,0.00023628338117906601,0.10000000000000002,3.1837828744296875e-18,9.948363536957185,0.4570433386718309,5000,200
8,0,gamma_1000,gamma,hard,1.0,10,990,1000,pbfi,0.00033765221256497444,0.00023952086161531982,0.0,0.0,0.1299489461496705,0.004801798534297339,5000,200
9,0,gamma_1000,gamma,hard,1.0,10,990,1000,lrp,0.00033765221256497444,0.00023952086161531982,0.0,0.0,1.1578299346583663,0.2764661103671393,5000,200
10,0,gamma_1000,gamma,hard,1.0,10,990,1000,impacc,3.67660485165883e-07,5.639497920631937e-07,0.15000000000000002,0.03284733426658932,8.869553121807986,0.17038826984513203,5000,200
11,0,gamma_1000,gamma,hard,1.0,10,990,1000,split_cloc,0.00033765221256497444,0.00023952086161531982,0.015000000000000003,0.008191780219091253,330.2922692906053,0.8004559018810519,5000,200
12,0,gamma_1000,gamma,hard,1.0,10,990,1000,cloc,0.0002150039399974048,0.00022991552960767062,0.005,0.005000000000000001,108.14917425340391,0.30530788996806635,5000,200
13,0,gamma_1000,gamma,hard,1.0,10,990,1000,rampart,-0.00010366193096947802,0.00021250799719482516,0.0,0.0,140.99137406434457,1.0964037288088335,5000,200
14,0,gamma_1000,gamma,hard,1.0,10,990,1000,perm,0.00044821860315004706,0.0002770652464532972,0.0,0.0,61.52146637139958,0.30262119271469423,5000,200
15,0,gamma_1000,gamma,hard,1.0,10,990,1000,cshap,-0.00024347510499898167,0.00021078570350796524,0.10000000000000002,3.1837828744296875e-18,9.043072478147224,0.12368853175237568,5000,200
16,0,gamma_20,gamma,easy,10.0,10,10,20,pbfi,0.003470988221881522,0.0007011644939688134,0.005,0.005000000000000001,0.010805670550325885,0.0011923691011594152,5000,200
17,0,gamma_20,gamma,easy,10.0,10,10,20,lrp,0.003470988221881522,0.0007011644939688134,0.5000000000000001,0.049204193231664174,0.6792490403429838,0.1996442917240766,5000,200
18,0,gamma_20,gamma,easy,10.0,10,10,20,impacc,0.3412243030274396,0.0533622284283127,0.375,0.03234273692158639,9.218647235396201,0.3263378411649599,5000,200
19,0,gamma_20,gamma,easy,10.0,10,10,20,split_cloc,0.003470988221881522,0.0007011644939688134,0.43499999999999994,0.03266657715705602,2.592745113739511,0.23187041911128237,5000,200
20,0,gamma_20,gamma,easy,10.0,10,10,20,cloc,0.014995825417173852,0.01074982624333194,0.08,0.03670651741928988,16.292005991953193,0.18324800227446167,5000,200
21,0,gamma_20,gamma,easy,10.0,10,10,20,rampart,0.01091099933484737,0.010885921409932093,0.05,0.037346175736014287,29.28223325739673,0.30550411066021177,5000,200
22,0,gamma_20,gamma,easy,10.0,10,10,20,perm,0.0038053790555026465,0.0007152466219819873,0.0,0.0,0.11202141669346019,0.012985859434206517,5000,200
23,0,gamma_20,gamma,easy,10.0,10,10,20,cshap,0.0014397320081254365,0.00045870375486399784,0.005,0.005000000000000001,4.146229601703817,0.15713561146109667,5000,200
24,0,gamma_20,gamma,hard,1.0,10,10,20,pbfi,0.00020562579865907423,0.00014224958031740142,0.0,0.0,0.008273699643905275,0.0005357858741920957,5000,200
25,0,gamma_20,gamma,hard,1.0,10,10,20,lrp,0.00020562579865907423,0.00014224958031740142,0.0,0.0,0.3771679199038772,0.011241404083917567,5000,200
26,0,gamma_20,gamma,hard,1.0,10,10,20,impacc,0.0029026236612842127,0.002887581840227241,0.27,0.020647416048350554,8.617383230791893,0.10022166031252404,5000,200
27,0,gamma_20,gamma,hard,1.0,10,10,20,split_cloc,0.00020562579865907423,0.00014224958031740142,0.45499999999999996,0.02663100685884387,2.090133349405369,0.23990495277057902,5000,200
28,0,gamma_20,gamma,hard,1.0,10,10,20,cloc,0.00033182263606457027,0.00021941644540359544,0.06000000000000001,0.013377121081198774,14.233449924801244,0.27219295369597174,5000,200
29,0,gamma_20,gamma,hard,1.0,10,10,20,rampart,8.960100862657336e-05,0.00016493305544600765,0.005,0.005000000000000001,25.01697162933997,0.29384470991891226,5000,200
30,0,gamma_20,gamma,hard,1.0,10,10,20,perm,0.0004935318793291225,0.0002313815114756816,0.0,0.0,0.0844371687475359,0.0019630369806951002,5000,200
31,0,gamma_20,gamma,hard,1.0,10,10,20,cshap,0.00018953111348840498,0.0002634516731110869,0.005,0.005000000000000001,3.3603769067995017,0.1041469065158219,5000,200
32,0,gamma_200,gamma,easy,10.0,10,190,200,pbfi,0.0023715245243030223,0.0003709855253533382,0.0,0.0,0.03472132364404388,0.0015602201933297673,5000,200
33,0,gamma_200,gamma,easy,10.0,10,190,200,lrp,0.0023715245243030223,0.0003709855253533382,0.06000000000000001,0.033560628561957594,0.4911400214972673,0.08610827290361439,5000,200
34,0,gamma_200,gamma,easy,10.0,10,190,200,impacc,0.46685887479424154,0.04150911917348282,0.515,0.025417565414078257,8.488192842548596,0.16080267493030237,5000,200
35,0,gamma_200,gamma,easy,10.0,10,190,200,split_cloc,0.0023715245243030223,0.0003709855253533382,0.045,0.015346866644024562,33.018962882697814,0.12212897544428979,5000,200
36,0,gamma_200,gamma,easy,10.0,10,190,200,cloc,0.0029086086011415806,0.0004969732669835245,0.034999999999999996,0.01094243309804831,31.890845432007335,0.16359311871124585,5000,200
37,0,gamma_200,gamma,easy,10.0,10,190,200,rampart,-2.4072246671309913e-05,0.00019607997593642186,0.0,0.0,69.79639574364701,0.38118180101363475,5000,200
38,0,gamma_200,gamma,easy,10.0,10,190,200,perm,0.002112152484928368,0.00042882708781224755,0.0,0.0,2.519138653995469,0.05991851635675573,5000,200
39,0,gamma_200,gamma,easy,10.0,10,190,200,cshap,0.0009451857324903994,0.00035204026027337303,0.19500000000000003,0.004999999999999999,4.800083954751608,0.1195790248378268,5000,200
40,0,gamma_200,gamma,hard,1.0,10,190,200,pbfi,0.00012614588469011035,0.00019349607261330822,0.0,0.0,0.03436810814600903,0.0011200236853942515,5000,200
41,0,gamma_200,gamma,hard,1.0,10,190,200,lrp,0.00012614588469011035,0.00019349607261330822,0.0,0.0,0.4408185354579473,0.012906379698566102,5000,200
42,0,gamma_200,gamma,hard,1.0,10,190,200,impacc,0.0541662483654853,0.0036774998401277615,0.8999999999999998,0.02513123449750173,8.956308584843645,0.07694099905218582,5000,200
43,0,gamma_200,gamma,hard,1.0,10,190,200,split_cloc,0.00012614588469011035,0.00019349607261330822,0.045,0.011413288653790231,32.966149347598545,0.14179560725220658,5000,200
44,0,gamma_200,gamma,hard,1.0,10,190,200,cloc,0.00034876631038223226,0.0002602711997090758,0.03,0.010513149660756936,32.199950237351004,0.12526463506658145,5000,200
45,0,gamma_200,gamma,hard,1.0,10,190,200,rampart,0.0003320789385816296,0.00025264455549300267,0.0,0.0,70.51023567760713,0.32993581798231586,5000,200
46,0,gamma_200,gamma,hard,1.0,10,190,200,perm,0.0006284218165530896,0.0003451130755989887,0.0,0.0,2.4767799402936364,0.07059335016726113,5000,200
47,0,gamma_200,gamma,hard,1.0,10,190,200,cshap,-0.0001468145588980739,0.00024231094060456237,0.19000000000000003,0.006882472016116853,5.060706721502356,0.15384087436026914,5000,200
48,0,gamma_50,gamma,easy,10.0,10,40,50,pbfi,0.007209451982682526,0.005113434323248013,0.0,0.0,0.013487816488486714,0.0004584855987448212,5000,200
49,0,gamma_50,gamma,easy,10.0,10,40,50,lrp,0.007209451982682526,0.005113434323248013,0.335,0.046608673238493194,0.480319747258909,0.08648259513337823,5000,200
50,0,gamma_50,gamma,easy,10.0,10,40,50,impacc,0.34580400780994,0.024485922612944928,0.52,0.035243513774280436,8.309531828653416,0.22196793281601462,5000,200
51,0,gamma_50,gamma,easy,10.0,10,40,50,split_cloc,0.007209451982682526,0.005113434323248013,0.14,0.023395906074624072,5.71696900195675,0.1310565832809677,5000,200
52,0,gamma_50,gamma,easy,10.0,10,40,50,cloc,0.0038743099481574764,0.0009768277254992614,0.01,0.006882472016116852,18.44976894815045,0.20063583536471713,5000,200
53,0,gamma_50,gamma,easy,10.0,10,40,50,rampart,-6.31492977439799e-05,0.0002695311276739274,0.0,0.0,39.65459324595868,0.27185262235232105,5000,200
54,0,gamma_50,gamma,easy,10.0,10,40,50,perm,0.004870971943533161,0.0008719153483397173,0.0,0.0,0.2702239660487976,0.007611076927927166,5000,200
55,0,gamma_50,gamma,easy,10.0,10,40,50,cshap,0.0015190293868058424,0.0003611085180700788,0.0,0.0,3.693894268895383,0.10612863418065298,5000,200
56,0,gamma_50,gamma,hard,1.0,10,40,50,pbfi,3.381076520338514e-05,0.00018522602616453818,0.0,0.0,0.014054522252990864,0.00043766532370558285,5000,200
57,0,gamma_50,gamma,hard,1.0,10,40,50,lrp,3.381076520338514e-05,0.00018522602616453818,0.0,0.0,0.3816840940940892,0.010742304320723945,5000,200
58,0,gamma_50,gamma,hard,1.0,10,40,50,impacc,0.028636537179605737,0.002185871267299978,0.575,0.023924222475404114,8.590537682294961,0.12674888869711484,5000,200
59,0,gamma_50,gamma,hard,1.0,10,40,50,split_cloc,3.381076520338514e-05,0.00018522602616453818,0.23999999999999994,0.03195391418244325,5.7535712737008,0.24441589699261684,5000,200
60,0,gamma_50,gamma,hard,1.0,10,40,50,cloc,0.0005261487630477089,0.00021351064762498525,0.015000000000000003,0.008191780219091253,16.85040773530782,0.34134396371247894,5000,200
61,0,gamma_50,gamma,hard,1.0,10,40,50,rampart,0.00012988876216488832,0.00027852871546754665,0.0,0.0,37.951188572254615,0.5418344282541713,5000,200
62,0,gamma_50,gamma,hard,1.0,10,40,50,perm,-0.00022241969688459193,0.00016753118317148154,0.0,0.0,0.2576609751034994,0.00635056124038442,5000,200
63,0,gamma_50,gamma,hard,1.0,10,40,50,cshap,6.365178243230467e-05,0.00023582629865712352,0.0,0.0,3.5995363014983015,0.1332766706384779,5000,200
64,0,gamma_500,gamma,easy,10.0,10,190,200,pbfi,0.001611233579622394,0.00044463711922286114,0.0,0.0,0.040699963600491176,0.00399990528627869,5000,200
65,0,gamma_500,gamma,easy,10.0,10,190,200,lrp,0.001611233579622394,0.00044463711922286114,0.07,0.03410510071436298,0.5126554784568725,0.08964417554454866,5000,200
66,0,gamma_500,gamma,easy,10.0,10,190,200,impacc,0.48927451108236875,0.034252044840295356,0.52,0.02772040859423935,8.399836540594697,0.24697934577125058,5000,200
67,0,gamma_500,gamma,easy,10.0,10,190,200,split_cloc,0.001611233579622394,0.00044463711922286114,0.07,0.016383560438182506,35.62240052115813,0.37050042292470026,5000,200
68,0,gamma_500,gamma,easy,10.0,10,190,200,cloc,0.002226315345964728,0.0005361324380848932,0.035,0.01312891545606992,34.69698318254668,0.25398671937716616,5000,200
69,0,gamma_500,gamma,easy,10.0,10,190,200,rampart,-0.00011584076309715486,0.00016177340933035147,0.0,0.0,76.5406405679474,0.6916271502734653,5000,200
70,0,gamma_500,gamma,easy,10.0,10,190,200,perm,0.002086623923509648,0.0004508101152623464,0.0,0.0,2.4334296646993607,0.06908022593825193,5000,200
71,0,gamma_500,gamma,easy,10.0,10,190,200,cshap,0.0009678032233762957,0.00030627087936509347,0.19500000000000003,0.004999999999999999,5.287723419399117,0.09890946485128951,5000,200
72,0,gamma_500,gamma,hard,1.0,10,190,200,pbfi,0.0004773232134631041,0.0002647846012508361,0.0,0.0,0.034966496750712395,0.0015367066389002993,5000,200
73,0,gamma_500,gamma,hard,1.0,10,190,200,lrp,0.0004773232134631041,0.0002647846012508361,0.0,0.0,0.4365943111013621,0.009423477718844997,5000,200
74,0,gamma_500,gamma,hard,1.0,10,190,200,impacc,0.051354717393861424,0.004149476868950043,0.9,0.02176428750330035,8.908185205448536,0.11492927664293151,5000,200
75,0,gamma_500,gamma,hard,1.0,10,190,200,split_cloc,0.0004773232134631041,0.0002647846012508361,0.039999999999999994,0.015217718205053646,32.82577767155017,0.1299065234992788,5000,200
76,0,gamma_500,gamma,hard,1.0,10,190,200,cloc,-2.368047278011291e-05,0.0001688987284720813,0.034999999999999996,0.013128915456069916,32.534688093149455,0.11395906913033307,5000,200
77,0,gamma_500,gamma,hard,1.0,10,190,200,rampart,-8.08084933161863e-05,0.00024813571572399436,0.0,0.0,69.75734219109582,0.360490699688127,5000,200
78,0,gamma_500,gamma,hard,1.0,10,190,200,perm,0.00014525972547225788,0.0002832239204430215,0.0,0.0,2.4036961681442337,0.07901703429332481,5000,200
79,0,gamma_500,gamma,hard,1.0,10,190,200,cshap,-0.00012993657505963217,0.00020937360733291703,0.19000000000000003,0.006882472016116853,4.8205530384497255,0.14814022463462356,5000,200
80,0,gaussian_1000,gaussian,easy,2.2,10,990,1000,pbfi,0.9188330057971363,0.02063503497861453,1.0,0.0,0.09211913139442914,0.001163899184933044,5000,200
81,0,gaussian_1000,gaussian,easy,2.2,10,990,1000,lrp,0.9188330057971363,0.02063503497861453,1.0,0.0,1.0398550416983199,0.2969559208553712,5000,200
82,0,gaussian_1000,gaussian,easy,2.2,10,990,1000,impacc,0.8260848689462617,0.03788266858901868,0.9800000000000001,0.011697953037312036,9.173926734598354,0.16906719286788088,5000,200
83,0,gaussian_1000,gaussian,easy,2.2,10,990,1000,split_cloc,0.9188330057971363,0.02063503497861453,0.035,0.010942433098048312,294.942827645957,0.768220216811249,5000,200
84,0,gaussian_1000,gaussian,easy,2.2,10,990,1000,cloc,0.8455035257598883,0.019876406590718234,0.985,0.00819178021909125,105.19747957890213,0.4098502160360276,5000,200
85,0,gaussian_1000,gaussian,easy,2.2,10,990,1000,rampart,0.9332111601927086,0.020882909876675772,1.0,0.0,142.79304220935154,0.7006966877719706,5000,200
86,0,gaussian_1000,gaussian,easy,2.2,10,990,1000,perm,0.8923812523371275,0.023804040572382616,0.705,0.027601487374110077,61.64972269145365,0.4314093286331297,5000,200
87,0,gaussian_1000,gaussian,easy,2.2,10,990,1000,cshap,0.3384937283407426,0.02697683849805687,0.10000000000000002,3.1837828744296875e-18,8.439692708849908,0.17660367866300833,5000,200
88,0,gaussian_1000,gaussian,hard,1.7,10,990,1000,pbfi,0.8602385124149763,0.029826795514546256,1.0,0.0,0.11412703109672293,0.006264225980920635,5000,200
89,0,gaussian_1000,gaussian,hard,1.7,10,990,1000,lrp,0.8602385124149763,0.029826795514546256,0.9949999999999999,0.004999999999999998,1.5602770124387462,0.5127191806377217,5000,200
90,0,gaussian_1000,gaussian,hard,1.7,10,990,1000,impacc,0.7245224853811085,0.04525411488974847,0.9650000000000001,0.014999999999999994,8.784755248457078,0.04468405683552593,5000,200
91,0,gaussian_1000,gaussian,hard,1.7,10,990,1000,split_cloc,0.8602385124149763,0.029826795514546256,0.02,0.009176629354822472,309.54090106865044,2.0628566231997314,5000,200
92,0,gaussian_1000,gaussian,hard,1.7,10,990,1000,cloc,0.849780118271673,0.022551532219655928,0.9649999999999999,0.010942433098048309,119.3764401853463,2.0052792535411093,5000,200
93,0,gaussian_1000,gaussian,hard,1.7,10,990,1000,rampart,0.9513930442276213,0.019142041483192325,0.9949999999999999,0.004999999999999998,177.41070548820136,5.93928019733878,5000,200
94,0,gaussian_1000,gaussian,hard,1.7,10,990,1000,perm,0.8145763104873834,0.01857258075153684,0.8699999999999999,0.026257830912139835,60.0537387250457,0.1953462136577015,5000,200
95,0,gaussian_1000,gaussian,hard,1.7,10,990,1000,cshap,0.3357032626241151,0.024823958253179044,0.10000000000000002,3.1837828744296875e-18,8.925232411347679,0.19377019375098326,5000,200
96,0,gaussian_20,gaussian,easy,2.2,10,10,20,pbfi,0.9903592038341629,0.009640796165837191,1.0,0.0,0.00881016998901032,0.0014532037899035498,5000,200
97,0,gaussian_20,gaussian,easy,2.2,10,10,20,lrp,0.9903592038341629,0.009640796165837191,1.0,0.0,0.5671097194484901,0.0781063066293786,5000,200
98,0,gaussian_20,gaussian,easy,2.2,10,10,20,impacc,0.9916507388912785,0.007477608595289775,0.5050000000000001,0.03118282253184646,9.739157409203472,0.1841044179084981,5000,200
99,0,gaussian_20,gaussian,easy,2.2,10,10,20,split_cloc,0.9903592038341629,0.009640796165837191,0.77,0.027241609041279022,2.226889331699931,0.28839613291713284,5000,200
100,0,gaussian_20,gaussian,easy,2.2,10,10,20,cloc,0.9236679602666481,0.02144936760879751,1.0,0.0,22.308828843804076,0.17892217141166533,5000,200
101,0,gaussian_20,gaussian,easy,2.2,10,10,20,rampart,0.9425501910028327,0.020132879542204243,1.0,0.0,39.518500127235896,0.27165334759850995,5000,200
102,0,gaussian_20,gaussian,easy,2.2,10,10,20,perm,1.0,0.0,0.7250000000000001,0.025000000000000005,0.09979903230560012,0.008472482595187694,5000,200
103,0,gaussian_20,gaussian,easy,2.2,10,10,20,cshap,0.99216871597066,0.007831284029339889,0.9399999999999998,0.016858544608470492,5.401501829654444,0.2893078294220901,5000,200
104,0,gaussian_20,gaussian,hard,1.7,10,10,20,pbfi,0.9612209293949399,0.017604265631514834,1.0,0.0,0.004500596641446464,0.00020735084837327454,5000,200
105,0,gaussian_20,gaussian,hard,1.7,10,10,20,lrp,0.9612209293949399,0.017604265631514834,1.0,0.0,0.507417159594479,0.0895040460510691,5000,200
106,0,gaussian_20,gaussian,hard,1.7,10,10,20,impacc,0.897711417720427,0.018260613484532017,0.555,0.03732855545867773,9.621811655498458,0.21399760963571243,5000,200
107,0,gaussian_20,gaussian,hard,1.7,10,10,20,split_cloc,0.9612209293949399,0.017604265631514834,0.5650000000000001,0.03423986596137069,2.029762264096644,0.21440341360465986,5000,200
108,0,gaussian_20,gaussian,hard,1.7,10,10,20,cloc,0.9328722920047741,0.02094700771298455,1.0,0.0,15.896331438454217,0.14790213024872473,5000,200
109,0,gaussian_20,gaussian,hard,1.7,10,10,20,rampart,0.9427650045807845,0.020016533900675582,1.0,0.0,28.440401533900875,0.32209379148429623,5000,200
110,0,gaussian_20,gaussian,hard,1.7,10,10,20,perm,0.9518336419795608,0.01896499986056658,0.89,0.0250263019536184,0.12117761005065404,0.01807974779405952,5000,200
111,0,gaussian_20,gaussian,hard,1.7,10,10,20,cshap,0.684655043617912,0.07073286321238732,0.93,0.01791794161110442,4.018970437647658,0.1481174566411813,5000,200
112,0,gaussian_200,gaussian,easy,2.2,10,190,200,pbfi,0.9548297531573929,0.017997069614753062,1.0,0.0,0.029740464748465457,0.0016197865033367692,5000,200
113,0,gaussian_200,gaussian,easy,2.2,10,190,200,lrp,0.9548297531573929,0.017997069614753062,1.0,0.0,0.6516174394928385,0.09330567871347441,5000,200
114,0,gaussian_200,gaussian,easy,2.2,10,190,200,impacc,0.86460043805083,0.029943515138400562,0.615,0.03346246915733002,8.453569994895952,0.3255771182471281,5000,200
115,0,gaussian_200,gaussian,easy,2.2,10,190,200,split_cloc,0.9548297531573929,0.017997069614753062,0.05500000000000001,0.015346866644024562,30.548388576850993,0.5138273106956662,5000,200
116,0,gaussian_200,gaussian,easy,2.2,10,190,200,cloc,0.8688931447515698,0.03138040168231068,1.0,0.0,41.8246187900455,0.30571209185148424,5000,200
117,0,gaussian_200,gaussian,easy,2.2,10,190,200,rampart,0.9712902920648364,0.015678995572001454,1.0,0.0,109.84003676314315,0.7463329721992016,5000,200
118,0,gaussian_200,gaussian,easy,2.2,10,190,200,perm,0.9355287587894099,0.020185188767821695,0.72,0.021275139927797622,2.4334722420375328,0.047911403578057156,5000,200
119,0,gaussian_200,gaussian,easy,2.2,10,190,200,cshap,0.2671506096297514,0.013403349837472493,0.19500000000000003,0.004999999999999999,5.690227968504769,0.1878128664254695,5000,200
120,0,gaussian_200,gaussian,hard,1.7,10,190,200,pbfi,0.9246965072530365,0.021090239167593734,1.0,0.0,0.021456699207192287,0.0016812640631987464,5000,200
121,0,gaussian_200,gaussian,hard,1.7,10,190,200,lrp,0.9246965072530365,0.021090239167593734,1.0,0.0,0.40465449519397223,0.01907873015118365,5000,200
122,0,gaussian_200,gaussian,hard,1.7,10,190,200,impacc,0.7790644040983715,0.047894067244576476,0.5700000000000001,0.03561489930677299,8.626249641750473,0.1443481390653663,5000,200
123,0,gaussian_200,gaussian,hard,1.7,10,190,200,split_cloc,0.9246965072530365,0.021090239167593734,0.15000000000000002,0.018496087779795344,29.269302174355836,0.7389621957309229,5000,200
124,0,gaussian_200,gaussian,hard,1.7,10,190,200,cloc,0.858457490826807,0.024844045932940057,0.99,0.006882472016116851,31.555672786053037,1.1051507062122652,5000,200
125,0,gaussian_200,gaussian,hard,1.7,10,190,200,rampart,0.9420804345346147,0.020132545568915156,1.0,0.0,74.62785109033575,3.780810907004542,5000,200
126,0,gaussian_200,gaussian,hard,1.7,10,190,200,perm,0.9167919187003978,0.024454654867205546,0.86,0.026556791182195505,2.3593024597910697,0.07429373466765105,5000,200
127,0,gaussian_200,gaussian,hard,1.7,10,190,200,cshap,0.29732962310075206,0.024842180805898055,0.20000000000000004,6.367565748859375e-18,4.2746635667077495,0.17485326686122066,5000,200
128,0,gaussian_50,gaussian,easy,2.2,10,40,50,pbfi,0.9713262737263342,0.015659386520312235,1.0,0.0,0.006792141209007241,0.0003398377812688816,5000,200
129,0,gaussian_50,gaussian,easy,2.2,10,40,50,lrp,0.9713262737263342,0.015659386520312235,1.0,0.0,0.4747090472927084,0.09598908498970182,5000,200
130,0,gaussian_50,gaussian,easy,2.2,10,40,50,impacc,0.8914418295564491,0.022185658505839798,0.7200000000000001,0.04013136324359632,8.418541163610644,0.17404272285730565,5000,200
131,0,gaussian_50,gaussian,easy,2.2,10,40,50,split_cloc,0.9713262737263342,0.015659386520312235,0.265,0.02741014026731137,4.231646498545888,0.12724278371562092,5000,200
132,0,gaussian_50,gaussian,easy,2.2,10,40,50,cloc,0.9342377828823352,0.02057418490906285,1.0,0.0,17.28133632924291,0.15168728961165748,5000,200
133,0,gaussian_50,gaussian,easy,2.2,10,40,50,rampart,0.9521072299603925,0.019030725653906257,1.0,0.0,38.72726660265471,0.20100601612370259,5000,200
134,0,gaussian_50,gaussian,easy,2.2,10,40,50,perm,0.9619460671456759,0.017461131448659958,0.7450000000000001,0.02562379650575654,0.2632496748061385,0.010728386686411054,5000,200
135,0,gaussian_50,gaussian,easy,2.2,10,40,50,cshap,0.7087356809878245,0.06630431757701515,0.86,0.03195391418244324,3.6018513197050197,0.12618056762571925,5000,200
136,0,gaussian_50,gaussian,hard,1.7,10,40,50,pbfi,0.9333039141933904,0.02081413000038329,1.0,0.0,0.00755536989599932,0.000343052924785538,5000,200
137,0,gaussian_50,gaussian,hard,1.7,10,40,50,lrp,0.9333039141933904,0.02081413000038329,1.0,0.0,0.5029181259887991,0.10687023321646985,5000,200
138,0,gaussian_50,gaussian,hard,1.7,10,40,50,impacc,0.7962655183930731,0.02918628601933969,0.64,0.0335606285619576,7.808440228604013,0.08238983567745187,5000,200
139,0,gaussian_50,gaussian,hard,1.7,10,40,50,split_cloc,0.9333039141933904,0.02081413000038329,0.315,0.023254880642226708,4.57388710109517,0.1405421895989572,5000,200
140,0,gaussian_50,gaussian,hard,1.7,10,40,50,cloc,0.9142965139369277,0.02170206493684615,1.0,0.0,17.518236406397772,0.1606468485812983,5000,200
141,0,gaussian_50,gaussian,hard,1.7,10,40,50,rampart,0.9228323833746416,0.021530945196107425,1.0,0.0,40.06929932705534,0.5086315048964019,5000,200
142,0,gaussian_50,gaussian,hard,1.7,10,40,50,perm,0.887123713968697,0.021169556896652435,0.805,0.027601487374110077,0.26231049560010433,0.0011180129495379013,5000,200
143,0,gaussian_50,gaussian,hard,1.7,10,40,50,cshap,0.29698389864592667,0.019781888638735805,0.635,0.04369451368668371,3.5289552898466354,0.09775175511886455,5000,200
144,0,gaussian_500,gaussian,easy,2.2,10,490,500,pbfi,0.9560721040945186,0.017535732299861526,1.0,0.0,0.07146437400951981,0.006046334315950474,5000,200
145,0,gaussian_500,gaussian,easy,2.2,10,490,500,lrp,0.9560721040945186,0.017535732299861526,1.0,0.0,0.6736102370516164,0.08312862811736002,5000,200
146,0,gaussian_500,gaussian,easy,2.2,10,490,500,impacc,0.9164826343685787,0.03664714502327427,0.9099999999999999,0.028003759146153738,9.590306050752407,0.23513660127131925,5000,200
147,0,gaussian_500,gaussian,easy,2.2,10,490,500,split_cloc,0.9560721040945186,0.017535732299861526,0.065,0.015,125.17104056255194,2.3166153675376506,5000,200
148,0,gaussian_500,gaussian,easy,2.2,10,490,500,cloc,0.8551956825109415,0.020853397199132918,0.99,0.006882472016116851,80.06560784410394,0.9024934259152516,5000,200
149,0,gaussian_500,gaussian,easy,2.2,10,490,500,rampart,0.9808522851251767,0.01317837166362227,1.0,0.0,153.0959368138545,1.2928371765838351,5000,200
150,0,gaussian_500,gaussian,easy,2.2,10,490,500,perm,0.8979267861834105,0.021195903455100838,0.72,0.018637822325921875,17.11682049385272,0.4067125466466996,5000,200
151,0,gaussian_500,gaussian,easy,2.2,10,490,500,cshap,0.2947704340374274,0.02296191425575716,0.10000000000000002,3.1837828744296875e-18,7.069782085448969,0.2958940042119899,5000,200
152,0,gaussian_500,gaussian,hard,1.7,10,490,500,pbfi,0.8250309907945226,0.026814221421537228,1.0,0.0,0.04780547653499525,0.000958137356873709,5000,200
153,0,gaussian_500,gaussian,hard,1.7,10,490,500,lrp,0.8250309907945226,0.026814221421537228,1.0,0.0,0.8733544420596445,0.3069032901717164,5000,200
154,0,gaussian_500,gaussian,hard,1.7,10,490,500,impacc,0.8166076784211747,0.051214143794018945,0.8550000000000001,0.032015621187164243,7.923120578698581,0.19045948360913934,5000,200
155,0,gaussian_500,gaussian,hard,1.7,10,490,500,split_cloc,0.8250309907945226,0.026814221421537228,0.04,0.013377121081198774,104.79032814535022,0.34859906646873634,5000,200
156,0,gaussian_500,gaussian,hard,1.7,10,490,500,cloc,0.8097287190759879,0.02714001755494226,0.985,0.00819178021909125,58.02689173375838,0.3015450309122012,5000,200
157,0,gaussian_500,gaussian,hard,1.7,10,490,500,rampart,0.961673476937313,0.017538204560759506,1.0,0.0,103.15729535130959,0.5372474870974814,5000,200
158,0,gaussian_500,gaussian,hard,1.7,10,490,500,perm,0.8535439484054738,0.025223824816818747,0.8450000000000001,0.02853898533954083,15.002080898790155,0.04362380102511644,5000,200
159,0,gaussian_500,gaussian,hard,1.7,10,490,500,cshap,0.3310694738862139,0.027501090559820893,0.10000000000000002,3.1837828744296875e-18,5.174005845998181,0.12963692048213588,5000,200
160,0,moon_1000,moon-donut,hard,1.2,10,990,1000,pbfi,0.0013259290446958427,0.0003307794114919927,0.015000000000000003,0.008191780219091253,0.12860386794491205,0.0027055026406949166,5000,200
161,0,moon_1000,moon-donut,hard,1.2,10,990,1000,lrp,0.0013259290446958427,0.0003307794114919927,0.025,0.009933992677987828,0.5642351350077661,0.011425184885982213,5000,200
162,0,moon_1000,moon-donut,hard,1.2,10,990,1000,impacc,0.200297685383388,0.02229138893727185,0.9649999999999999,0.013128915456069912,9.221411029543379,0.2015722983334078,5000,200
163,0,moon_1000,moon-donut,hard,1.2,10,990,1000,split_cloc,0.0013259290446958427,0.0003307794114919927,0.0,0.0,354.4394490256527,0.7106642552733811,5000,200
164,0,moon_1000,moon-donut,hard,1.2,10,990,1000,cloc,0.0006911535578254786,0.0003542156329492603,0.015000000000000003,0.008191780219091253,124.41746409514744,0.3638346481294134,5000,200
165,0,moon_1000,moon-donut,hard,1.2,10,990,1000,rampart,-0.0002729462484467131,0.00022079055847925384,0.0,0.0,224.18813808045235,1.21395713408347,5000,200
166,0,moon_1000,moon-donut,hard,1.2,10,990,1000,perm,0.0006911535578254786,0.0003542156329492603,0.01,0.010000000000000002,1417.8810474711966,4.191916553976709,5000,200
167,0,moon_1000,moon-donut,hard,1.2,10,990,1000,cshap,0.0016005961831744484,0.0005350537125719078,0.10000000000000002,3.1837828744296875e-18,13.586298666952644,0.11774352618554411,5000,200
168,0,moon_20,moon-donut,easy,2.4,10,10,20,pbfi,0.4808404186050554,0.044606975827139614,0.7100000000000002,0.04285839597165481,0.007967992455814966,0.0003699056523253116,5000,200
169,0,moon_20,moon-donut,easy,2.4,10,10,20,lrp,0.4808404186050554,0.044606975827139614,0.985,0.01094243309804831,0.46950837709882765,0.09837676403381096,5000,200
170,0,moon_20,moon-donut,easy,2.4,10,10,20,impacc,0.8429002672885734,0.03477355632102214,0.57,0.03980214223274659,8.473631505088997,0.1562883321638106,5000,200
171,0,moon_20,moon-donut,easy,2.4,10,10,20,split_cloc,0.4808404186050554,0.044606975827139614,0.58,0.030435436410107288,2.104076389054535,0.13813679937168616,5000,200
172,0,moon_20,moon-donut,easy,2.4,10,10,20,cloc,0.5628073610144668,0.04288411315231607,0.97,0.01791794161110442,26.383874097952503,0.2031723414080434,5000,200
173,0,moon_20,moon-donut,easy,2.4,10,10,20,rampart,0.9408078714263383,0.02330652198505831,0.9949999999999999,0.004999999999999998,67.04094803249754,0.3820663520028912,5000,200
174,0,moon_20,moon-donut,easy,2.4,10,10,20,perm,0.5628073610144668,0.04288411315231607,0.5449999999999999,0.029446651136553616,8.674265609649591,0.13602971650270138,5000,200
175,0,moon_20,moon-donut,easy,2.4,10,10,20,cshap,0.2447119644379689,0.01220115243232221,0.45999999999999996,0.027529888064467406,3.1758902911067706,0.11939695548512762,5000,200
176,0,moon_20,moon-donut,hard,1.2,10,10,20,pbfi,0.1705823203565489,0.02094566915540011,0.45999999999999996,0.04000000000000001,0.008335582097060978,0.0004240427304892779,5000,200
177,0,moon_20,moon-donut,hard,1.2,10,10,20,lrp,0.1705823203565489,0.02094566915540011,0.825,0.025000000000000005,0.37448809485067613,0.013977935300285805,5000,200
178,0,moon_20,moon-donut,hard,1.2,10,10,20,impacc,0.15894199181322152,0.03573915667697256,0.3,0.03162277660168379,8.557764256253723,0.09110162799811987,5000,200
179,0,moon_20,moon-donut,hard,1.2,10,10,20,split_cloc,0.1705823203565489,0.02094566915540011,0.62,0.027720408594239354,2.2220231370971306,0.12959839873988258,5000,200
180,0,moon_20,moon-donut,hard,1.2,10,10,20,cloc,0.22554836321765862,0.022437997377565737,0.835,0.03925289127802194,24.933651818946238,0.18624336874041558,5000,200
181,0,moon_20,moon-donut,hard,1.2,10,10,20,rampart,0.7310843200714942,0.062289368419882966,0.8850000000000001,0.02741014026731137,60.71648673365125,0.362269212052707,5000,200
182,0,moon_20,moon-donut,hard,1.2,10,10,20,perm,0.22554836321765862,0.022437997377565737,0.5099999999999999,0.03762697800361079,8.60928439575655,0.11009529994114653,5000,200
183,0,moon_20,moon-donut,hard,1.2,10,10,20,cshap,0.1128962489371663,0.012649604110329551,0.36,0.04255027985559524,3.3439454591978572,0.10167227209572209,5000,200
184,0,moon_200,moon-donut,easy,2.4,10,190,200,pbfi,0.29267443903549306,0.03271781430619412,0.66,0.06341177044980646,0.032427776107215325,0.0009975473567631296,5000,200
185,0,moon_200,moon-donut,easy,2.4,10,190,200,lrp,0.29267443903549306,0.03271781430619412,1.0,0.0,0.5127563239948358,0.09335625387552379,5000,200
186,0,moon_200,moon-donut,easy,2.4,10,190,200,impacc,0.5079326109320507,0.05974068464531966,0.5299999999999999,0.03913539251583432,7.771866769902408,0.25964552865150825,5000,200
187,0,moon_200,moon-donut,easy,2.4,10,190,200,split_cloc,0.29267443903549306,0.03271781430619412,0.3,0.03554093266554555,33.739269253244856,0.18776806790105208,5000,200
188,0,moon_200,moon-donut,easy,2.4,10,190,200,cloc,0.1955301569415874,0.01946795466820873,0.7150000000000001,0.0364727728298074,40.60720102174673,0.2901513281274234,5000,200
189,0,moon_200,moon-donut,easy,2.4,10,190,200,rampart,0.8422024411079455,0.03624119329536671,0.93,0.017917941611104413,124.65571590575273,1.093562294414651,5000,200
190,0,moon_200,moon-donut,easy,2.4,10,190,200,perm,0.1955301569415874,0.01946795466820873,0.165,0.028353965655989855,123.7773198409006,0.9731741390191986,5000,200
191,0,moon_200,moon-donut,easy,2.4,10,190,200,cshap,0.2088594963970604,0.01627455996611175,0.19500000000000003,0.004999999999999999,4.427722481699311,0.09533065960248682,5000,200
192,0,moon_200,moon-donut,hard,1.2,10,190,200,pbfi,0.014386650310865504,0.006059881653246104,0.030000000000000006,0.014689774459950383,0.03511684430122841,0.0015862325163429546,5000,200
193,0,moon_200,moon-donut,hard,1.2,10,190,200,lrp,0.014386650310865504,0.006059881653246104,0.6100000000000001,0.05844475574150525,0.44627751379739494,0.03781288344871478,5000,200
194,0,moon_200,moon-donut,hard,1.2,10,190,200,impacc,0.25540615827573,0.02606727997615092,0.575,0.033931044626914805,8.61115080100717,0.14071815905174542,5000,200
195,0,moon_200,moon-donut,hard,1.2,10,190,200,split_cloc,0.014386650310865504,0.006059881653246104,0.09500000000000001,0.01846048411294272,35.60062836260768,0.31345582872047145,5000,200
196,0,moon_200,moon-donut,hard,1.2,10,190,200,cloc,0.010153418858439345,0.003449085996930226,0.095,0.03439323678925997,42.70420779319538,0.24276788827807008,5000,200
197,0,moon_200,moon-donut,hard,1.2,10,190,200,rampart,0.0826239620029708,0.04385147550376186,0.145,0.06588466797126787,120.79290524229873,0.8442936423289588,5000,200
198,0,moon_200,moon-donut,hard,1.2,10,190,200,perm,0.010153418858439345,0.003449085996930226,0.02,0.00917662935482247,131.90151666909804,0.6397779923907261,5000,200
199,0,moon_200,moon-donut,hard,1.2,10,190,200,cshap,0.016483652609999816,0.006379967698980327,0.19500000000000003,0.004999999999999999,4.8630827188550025,0.13457908459832993,5000,200
200,0,moon_50,moon-donut,easy,2.4,10,40,50,pbfi,0.40629520836378435,0.04186179895731218,0.68,0.04622598950009787,0.012250369106186553,0.0005842113327460283,5000,200
201,0,moon_50,moon-donut,easy,2.4,10,40,50,lrp,0.40629520836378435,0.04186179895731218,0.9949999999999999,0.004999999999999998,0.48666442394896875,0.09600315016884071,5000,200
202,0,moon_50,moon-donut,easy,2.4,10,40,50,impacc,0.6495421481206188,0.04842915378765332,0.595,0.04892260267638649,7.631290778299444,0.20764894174542314,5000,200
203,0,moon_50,moon-donut,easy,2.4,10,40,50,split_cloc,0.40629520836378435,0.04186179895731218,0.43999999999999995,0.04000000000000001,5.918778181800735,0.1539193106136436,5000,200
204,0,moon_50,moon-donut,easy,2.4,10,40,50,cloc,0.3436381747346181,0.03155883065307408,0.925,0.019022147756317054,28.998351458404795,0.10784380286244863,5000,200
205,0,moon_50,moon-donut,easy,2.4,10,40,50,rampart,0.8134238318177426,0.040941783436147655,0.985,0.00819178021909125,81.54841672570038,0.3356310393379319,5000,200
206,0,moon_50,moon-donut,easy,2.4,10,40,50,perm,0.3436381747346181,0.03155883065307408,0.255,0.03361938663769368,23.404805159944225,0.2284710245991763,5000,200
207,0,moon_50,moon-donut,easy,2.4,10,40,50,cshap,0.22992406614413471,0.013669270479746682,0.345,0.03802699871905416,3.4386014243005776,0.09565626380566561,5000,200
208,0,moon_50,moon-donut,hard,1.2,10,40,50,pbfi,0.12528655937122418,0.023094007540207056,0.27999999999999997,0.04507304013896134,0.01494710630213376,0.0014825268954989403,5000,200
209,0,moon_50,moon-donut,hard,1.2,10,40,50,lrp,0.12528655937122418,0.023094007540207056,0.8,0.03077935056255463,0.39469626525242346,0.015857126825685346,5000,200
210,0,moon_50,moon-donut,hard,1.2,10,40,50,impacc,0.19217026022387293,0.02373681101315992,0.41000000000000003,0.044069323379851144,8.613563963852357,0.20225848571028496,5000,200
211,0,moon_50,moon-donut,hard,1.2,10,40,50,split_cloc,0.12528655937122418,0.023094007540207056,0.395,0.0366167922364072,6.548385187154054,0.25468194264472294,5000,200
212,0,moon_50,moon-donut,hard,1.2,10,40,50,cloc,0.10093587511102067,0.01593094409139231,0.61,0.044069323379851144,29.432172091299435,0.24530564751140527,5000,200
213,0,moon_50,moon-donut,hard,1.2,10,40,50,rampart,0.28750522746397544,0.05415769342105583,0.635,0.08683771918748331,75.88408680236607,0.5211427910842669,5000,200
214,0,moon_50,moon-donut,hard,1.2,10,40,50,perm,0.10093587511102067,0.01593094409139231,0.175,0.025,23.82271503705706,0.1845320078114284,5000,200
215,0,moon_50,moon-donut,hard,1.2,10,40,50,cshap,0.09032309507794663,0.014185127097448142,0.225,0.03234273692158639,3.5119075433991385,0.12394800817981935,5000,200
216,0,moon_500,moon-donut,easy,2.4,10,490,500,pbfi,0.1371785965550504,0.01879761044132435,0.49499999999999983,0.05688168699844857,0.07294521574804094,0.00438067758243075,5000,200
217,0,moon_500,moon-donut,easy,2.4,10,490,500,lrp,0.1371785965550504,0.01879761044132435,0.9799999999999999,0.009176629354822469,0.6879935288074194,0.19642373676592648,5000,200
218,0,moon_500,moon-donut,easy,2.4,10,490,500,impacc,0.6460526398930871,0.05450484082960175,0.8150000000000001,0.02835396565598987,8.999193590995855,0.2176418658832349,5000,200
219,0,moon_500,moon-donut,easy,2.4,10,490,500,split_cloc,0.1371785965550504,0.01879761044132435,0.10000000000000002,0.02176428750330035,136.09085518144713,2.858049411731301,5000,200
220,0,moon_500,moon-donut,easy,2.4,10,490,500,cloc,0.0951071550212865,0.01119342655596765,0.4549999999999999,0.04892260267638649,76.8724115613586,1.6833976431277817,5000,200
221,0,moon_500,moon-donut,easy,2.4,10,490,500,rampart,0.641003840351866,0.0716890487138657,0.66,0.05201214433086505,180.40474307214026,4.782444433519627,5000,200
222,0,moon_500,moon-donut,easy,2.4,10,490,500,perm,0.0951071550212865,0.01119342655596765,0.05,0.015389675281277314,496.55895092010326,9.481377797542024,5000,200
223,0,moon_500,moon-donut,easy,2.4,10,490,500,cshap,0.16216694570207776,0.01748994573524519,0.10000000000000002,3.1837828744296875e-18,10.082897667647922,0.24401358648323654,5000,200
224,0,moon_500,moon-donut,hard,1.2,10,490,500,pbfi,0.003272903883960441,0.0009730604958985211,0.01,0.006882472016116853,0.07073706630908419,0.002144907885240714,5000,200
225,0,moon_500,moon-donut,hard,1.2,10,490,500,lrp,0.003272903883960441,0.0009730604958985211,0.31500000000000006,0.05678908345800274,0.4835398974973941,0.01272457776872004,5000,200
226,0,moon_500,moon-donut,hard,1.2,10,490,500,impacc,0.27769429658782135,0.023083541551935798,0.85,0.02946898458772509,8.701295058755203,0.18802713686299002,5000,200
227,0,moon_500,moon-donut,hard,1.2,10,490,500,split_cloc,0.003272903883960441,0.0009730604958985211,0.005,0.005000000000000001,129.34578260339913,0.31320441072849586,5000,200
228,0,moon_500,moon-donut,hard,1.2,10,490,500,cloc,0.002242057765517974,0.0005498552593350542,0.03,0.012773327473170103,72.84555600734893,0.2859829014549418,5000,200
229,0,moon_500,moon-donut,hard,1.2,10,490,500,rampart,0.001637793398606556,0.0016956284682873362,0.005,0.005000000000000001,166.52956789819874,1.3409236932510185,5000,200
230,0,moon_500,moon-donut,hard,1.2,10,490,500,perm,0.002242057765517974,0.0005498552593350542,0.02,0.00917662935482247,486.59391667615563,1.862978743502223,5000,200
231,0,moon_500,moon-donut,hard,1.2,10,490,500,cshap,0.003824055461604384,0.0010032499493173302,0.10000000000000002,3.1837828744296875e-18,9.97458418974711,0.14248806755109783,5000,200
0,0,gamma_20,gamma,easy,10.0,10,10,20,pbfi,0.0137565495578756,0.010368203953261806,0.01,0.009999999999999998,0.015136382170021534,0.0025007568512539786,2000,200
1,0,gamma_20,gamma,easy,10.0,10,10,20,lrp,0.0137565495578756,0.010368203953261806,0.6300000000000001,0.05174724898753341,1.6446387374191545,0.6810225431487863,2000,200
2,0,gamma_20,gamma,easy,10.0,10,10,20,impacc,0.018158361061107554,0.008897672112849891,0.04,0.022110831935702662,227.8165930442163,20.345615975173523,2000,200
3,0,gamma_20,gamma,easy,10.0,10,10,20,split_cloc,0.0137565495578756,0.010368203953261806,0.5,0.033333333333333326,27.00125008051982,3.1836562490192657,2000,200
4,0,gamma_20,gamma,easy,10.0,10,10,20,cloc,0.8507761411183052,0.02477111926518702,1.0,0.0,717.8565099738887,53.23200622729629,2000,200
5,0,gamma_20,gamma,easy,10.0,10,10,20,rampart,0.9645614367019194,0.023546080686471155,1.0,0.0,278.56886446879946,18.824501546479354,2000,200
6,0,gamma_20,gamma,easy,10.0,10,10,20,perm,0.8512723145599942,0.046786525713922604,0.8800000000000001,0.04422166387140534,3.4581427622935736,0.7448200050141952,2000,200
7,0,gamma_20,gamma,easy,10.0,10,10,20,cshap,0.0014781819201702003,0.0007683088004663621,0.02,0.013333333333333336,7.193385308503639,0.8793681313919471,2000,200
8,0,gamma_20,gamma,hard,1.0,10,10,20,pbfi,0.0007483985731139978,0.00034103796330608814,0.0,0.0,0.007821158785372973,0.0003708688672700986,2000,200
9,0,gamma_20,gamma,hard,1.0,10,10,20,lrp,0.0007483985731139978,0.00034103796330608814,0.0,0.0,0.35915174570400266,0.009700267674502381,2000,200
10,0,gamma_20,gamma,hard,1.0,10,10,20,impacc,-0.00019248873503220518,0.00038441524445804586,0.0,0.0,129.11418342101388,0.8165568580776524,2000,200
11,0,gamma_20,gamma,hard,1.0,10,10,20,split_cloc,0.0007483985731139978,0.00034103796330608814,0.5,0.042163702135578386,44.76584895389387,0.8725832738861459,2000,200
12,0,gamma_20,gamma,hard,1.0,10,10,20,cloc,0.24748776436893788,0.032856895729188346,0.75,0.0670820393249937,401.55174580210587,1.4845058776913902,2000,200
13,0,gamma_20,gamma,hard,1.0,10,10,20,rampart,0.3222436221909508,0.06475901072072382,0.82,0.05537749241945383,152.4111147659831,0.5699502835615132,2000,200
14,0,gamma_20,gamma,hard,1.0,10,10,20,perm,0.23213531470273074,0.03016871242653771,0.51,0.045825756949558386,4.488617908197921,0.20510174250484967,2000,200
15,0,gamma_20,gamma,hard,1.0,10,10,20,cshap,0.00019755059684875738,0.00038038499871620646,0.0,0.0,3.101379034505226,0.1800699481332405,2000,200
16,0,gaussian_1000,gaussian,easy,2.2,10,990,1000,pbfi,0.9665096916202156,0.022402779304181056,1.0,0.0,0.09370526589918882,0.0016093350775468898,2000,200
17,0,gaussian_1000,gaussian,easy,2.2,10,990,1000,lrp,0.9665096916202156,0.022402779304181056,1.0,0.0,0.7557863742054906,0.17847304971768932,2000,200
18,0,gaussian_1000,gaussian,easy,2.2,10,990,1000,impacc,0.7738135453883764,0.07246264459925679,0.97,0.015275252316519461,9.378095703292638,0.19658760881028278,2000,200
19,0,gaussian_1000,gaussian,easy,2.2,10,990,1000,split_cloc,0.9665096916202156,0.022402779304181056,0.0,0.0,72.67926267549629,0.9891093881459321,2000,200
20,0,gaussian_1000,gaussian,easy,2.2,10,990,1000,cloc,0.8884897539923212,0.03039558946351866,0.99,0.009999999999999997,43.208121821889655,0.2502484020687113,2000,200
21,0,gaussian_1000,gaussian,easy,2.2,10,990,1000,rampart,0.9432456433745896,0.02889794835974903,1.0,0.0,15.631689474813175,0.3765923698664735,2000,200
22,0,gaussian_1000,gaussian,easy,2.2,10,990,1000,perm,0.8795928146822515,0.026508191905841503,0.6599999999999999,0.026666666666666665,62.022493768204,1.1571200565473052,2000,200
23,0,gaussian_1000,gaussian,easy,2.2,10,990,1000,cshap,0.3338259199992371,0.04377351655757568,0.1,0.0,8.367982782894979,0.3414461239712969,2000,200
24,0,gaussian_1000,gaussian,hard,1.7,10,990,1000,pbfi,0.8603943711342529,0.03181542720061549,1.0,0.0,0.08816203350434079,0.0027320827267115454,2000,200
25,0,gaussian_1000,gaussian,hard,1.7,10,990,1000,lrp,0.8603943711342529,0.03181542720061549,0.99,0.009999999999999997,0.6435729771968909,0.21028828960374313,2000,200
26,0,gaussian_1000,gaussian,hard,1.7,10,990,1000,impacc,0.6546145287031767,0.053609684499085604,0.93,0.021343747458109488,7.99879709899542,0.10486946484941266,2000,200
27,0,gaussian_1000,gaussian,hard,1.7,10,990,1000,split_cloc,0.8603943711342529,0.03181542720061549,0.0,0.0,85.04344061370357,2.728744093875409,2000,200
28,0,gaussian_1000,gaussian,hard,1.7,10,990,1000,cloc,0.8672887108629291,0.04150723501569956,0.9200000000000002,0.019999999999999993,39.05347306019976,0.3437367769835629,2000,200
29,0,gaussian_1000,gaussian,hard,1.7,10,990,1000,rampart,0.942410561741444,0.0292023167085772,0.97,0.015275252316519461,13.163956799788867,0.13688148538325046,2000,200
30,0,gaussian_1000,gaussian,hard,1.7,10,990,1000,perm,0.8364642090673889,0.04306057599981523,0.82,0.04898979485566356,53.135421801003396,0.46884700701703774,2000,200
31,0,gaussian_1000,gaussian,hard,1.7,10,990,1000,cshap,0.3264737918278877,0.03768781992744164,0.1,0.0,7.167229074396891,0.2662560600997604,2000,200
32,0,gaussian_20,gaussian,easy,2.2,10,10,20,pbfi,0.9427308302092428,0.029161026236377213,1.0,0.0,0.005370870209299028,0.0010868635642479795,2000,200
33,0,gaussian_20,gaussian,easy,2.2,10,10,20,lrp,0.9427308302092428,0.029161026236377213,1.0,0.0,0.674965154012898,0.2725490581260494,2000,200
34,0,gaussian_20,gaussian,easy,2.2,10,10,20,impacc,0.983851718984474,0.01506136820737711,0.55,0.06871842709362767,8.629796161293052,0.11160398427430884,2000,200
35,0,gaussian_20,gaussian,easy,2.2,10,10,20,split_cloc,0.9427308302092428,0.029161026236377213,0.38,0.06289320754704401,0.3595621941029094,0.254466977075941,2000,200
36,0,gaussian_20,gaussian,easy,2.2,10,10,20,cloc,0.9233650560086403,0.031286125724118444,1.0,0.0,6.026277266000397,0.16834424459808495,2000,200
37,0,gaussian_20,gaussian,easy,2.2,10,10,20,rampart,0.9232559225128888,0.031330651825819324,1.0,0.0,2.632614930905402,0.0891726692290942,2000,200
38,0,gaussian_20,gaussian,easy,2.2,10,10,20,perm,0.9617098010700434,0.02552684407350999,0.74,0.042687494916219,0.08270864590303972,0.005695556938989979,2000,200
39,0,gaussian_20,gaussian,easy,2.2,10,10,20,cshap,0.9843374319413203,0.01566256805867978,0.97,0.015275252316519461,3.5659115303948057,0.26280737667139786,2000,200
40,0,gaussian_20,gaussian,hard,1.7,10,10,20,pbfi,0.9615410765596806,0.02550076636320638,1.0,0.0,0.0038789029989857227,0.00034831059257655033,2000,200
41,0,gaussian_20,gaussian,hard,1.7,10,10,20,lrp,0.9615410765596806,0.02550076636320638,1.0,0.0,0.5675139665079769,0.22711211171533482,2000,200
42,0,gaussian_20,gaussian,hard,1.7,10,10,20,impacc,0.9193281408216988,0.02321125022866006,0.51,0.05044248650140518,7.676442201476311,0.2014998472323472,2000,200
43,0,gaussian_20,gaussian,hard,1.7,10,10,20,split_cloc,0.9615410765596806,0.02550076636320638,0.5199999999999999,0.03265986323710903,0.463100496516563,0.38112002061703115,2000,200
44,0,gaussian_20,gaussian,hard,1.7,10,10,20,cloc,0.942424506391028,0.029195276207782114,1.0,0.0,4.920312727999407,0.007626428509028341,2000,200
45,0,gaussian_20,gaussian,hard,1.7,10,10,20,rampart,0.9617375492748405,0.025370602844308667,1.0,0.0,2.2297194628976285,0.03714061047266987,2000,200
46,0,gaussian_20,gaussian,hard,1.7,10,10,20,perm,0.9806624065811785,0.019152794901874184,0.93,0.030000000000000002,0.09435760810156353,0.019182257868086996,2000,200
47,0,gaussian_20,gaussian,hard,1.7,10,10,20,cshap,0.4775455357572545,0.07963689446332375,0.8699999999999999,0.026034165586355514,3.1780394240049645,0.2672501953367952,2000,200
48,0,gaussian_200,gaussian,easy,2.2,10,190,200,pbfi,0.9067881033965858,0.03110943286944868,1.0,0.0,0.020974421105347574,0.0005621285016550295,2000,200
49,0,gaussian_200,gaussian,easy,2.2,10,190,200,lrp,0.9067881033965858,0.03110943286944868,1.0,0.0,0.6829246480076108,0.2555108249420291,2000,200
50,0,gaussian_200,gaussian,easy,2.2,10,190,200,impacc,0.8294212690060669,0.06128165515611924,0.62,0.038873012632302,8.792832415993326,0.19661775654280328,2000,200
51,0,gaussian_200,gaussian,easy,2.2,10,190,200,split_cloc,0.9067881033965858,0.03110943286944868,0.07,0.026034165586355514,3.3543591269117314,0.23638355925269558,2000,200
52,0,gaussian_200,gaussian,easy,2.2,10,190,200,cloc,0.866237048375982,0.05180558239429197,1.0,0.0,12.03707369120093,0.08905503561150965,2000,200
53,0,gaussian_200,gaussian,easy,2.2,10,190,200,rampart,0.9808228234426594,0.01917717655734058,1.0,0.0,7.28346733180224,0.17632102657454912,2000,200
54,0,gaussian_200,gaussian,easy,2.2,10,190,200,perm,0.8485993000937224,0.025289983787746887,0.7400000000000001,0.04521553322083512,2.474638251302531,0.08274783787522572,2000,200
55,0,gaussian_200,gaussian,easy,2.2,10,190,200,cshap,0.2656093377160315,0.026081142171598383,0.2,0.0,4.290748507407261,0.23794140457861335,2000,200
56,0,gaussian_200,gaussian,hard,1.7,10,190,200,pbfi,0.9617956501697161,0.02546996827364053,1.0,0.0,0.01966009259340353,0.0008725238039105067,2000,200
57,0,gaussian_200,gaussian,hard,1.7,10,190,200,lrp,0.9617956501697161,0.02546996827364053,1.0,0.0,0.5796092609991319,0.22359584222907655,2000,200
58,0,gaussian_200,gaussian,hard,1.7,10,190,200,impacc,0.832586738409004,0.0587802119434408,0.6100000000000001,0.05044248650140518,8.030377102986677,0.1884134049462451,2000,200
59,0,gaussian_200,gaussian,hard,1.7,10,190,200,split_cloc,0.9617956501697161,0.02546996827364053,0.09000000000000001,0.03144660377352201,3.800719299906632,0.45977279875683313,2000,200
60,0,gaussian_200,gaussian,hard,1.7,10,190,200,cloc,0.9065121647498323,0.03123542968321405,0.99,0.009999999999999997,11.356889270490502,0.09077584573290265,2000,200
61,0,gaussian_200,gaussian,hard,1.7,10,190,200,rampart,0.9423302903226508,0.029243068481285234,1.0,0.0,6.342300467297901,0.0811147604433852,2000,200
62,0,gaussian_200,gaussian,hard,1.7,10,190,200,perm,0.906570906127867,0.031060953249835207,0.86,0.039999999999999994,2.098477481189184,0.056491863703016516,2000,200
63,0,gaussian_200,gaussian,hard,1.7,10,190,200,cshap,0.28695062880373057,0.04102061431205159,0.2,0.0,4.006089507491561,0.21279284385968375,2000,200
64,0,gaussian_50,gaussian,easy,2.2,10,40,50,pbfi,0.9434566000681801,0.028799864167302375,1.0,0.0,0.007341382902814076,0.0005888760835375543,2000,200
65,0,gaussian_50,gaussian,easy,2.2,10,40,50,lrp,0.9434566000681801,0.028799864167302375,1.0,0.0,0.6354652542911936,0.2609163875508129,2000,200
66,0,gaussian_50,gaussian,easy,2.2,10,40,50,impacc,0.8704956605286143,0.032152810283737024,0.73,0.044845413490245706,7.889584391901735,0.5596821220823387,2000,200
67,0,gaussian_50,gaussian,easy,2.2,10,40,50,split_cloc,0.9434566000681801,0.028799864167302375,0.15999999999999998,0.033993463423951896,0.5195767892000731,0.22159903087411714,2000,200
68,0,gaussian_50,gaussian,easy,2.2,10,40,50,cloc,0.9425845479502847,0.029234606303632466,1.0,0.0,7.192523245001212,0.13641916795256867,2000,200
69,0,gaussian_50,gaussian,easy,2.2,10,40,50,rampart,0.9425792472594843,0.029237498415081473,1.0,0.0,4.119243354705395,0.10548035984679771,2000,200
70,0,gaussian_50,gaussian,easy,2.2,10,40,50,perm,0.9253202361176891,0.030536369939154186,0.73,0.03349958540373631,0.25811721999780274,0.00887963151626305,2000,200
71,0,gaussian_50,gaussian,easy,2.2,10,40,50,cshap,0.5878755051218696,0.08580392016003807,0.78,0.053333333333333344,3.6724263612995856,0.2491558858466578,2000,200
72,0,gaussian_50,gaussian,hard,1.7,10,40,50,pbfi,0.9425623270944318,0.029125204726069418,1.0,0.0,0.00664850058965385,0.00041878123903300375,2000,200
73,0,gaussian_50,gaussian,hard,1.7,10,40,50,lrp,0.9425623270944318,0.029125204726069418,1.0,0.0,0.590561442595208,0.23337496427937468,2000,200
74,0,gaussian_50,gaussian,hard,1.7,10,40,50,impacc,0.8418048404281097,0.055142028034252145,0.6399999999999999,0.05206833117271103,7.777212865895126,0.08449042700901865,2000,200
75,0,gaussian_50,gaussian,hard,1.7,10,40,50,split_cloc,0.9425623270944318,0.029125204726069418,0.19,0.040688518719112346,0.680707375088241,0.3945644964545133,2000,200
76,0,gaussian_50,gaussian,hard,1.7,10,40,50,cloc,0.9048608275951766,0.031610481052586056,1.0,0.0,5.71577057329705,0.07132311423401817,2000,200
77,0,gaussian_50,gaussian,hard,1.7,10,40,50,rampart,0.942632115001014,0.02908961488409446,1.0,0.0,3.3553884689928966,0.03042411652087114,2000,200
78,0,gaussian_50,gaussian,hard,1.7,10,40,50,perm,0.9244161541990161,0.03087342584064844,0.8800000000000001,0.02905932629027116,0.22730052128899841,0.006385632032903395,2000,200
79,0,gaussian_50,gaussian,hard,1.7,10,40,50,cshap,0.2981334106362826,0.03257990618768833,0.68,0.066332495807108,3.1770815328054596,0.20104039714816077,2000,200
80,0,gaussian_500,gaussian,easy,2.2,10,490,500,pbfi,0.9620493790806259,0.02530208926426648,1.0,0.0,0.12792054599849506,0.015517406104159468,2000,200
81,0,gaussian_500,gaussian,easy,2.2,10,490,500,lrp,0.9620493790806259,0.02530208926426648,1.0,0.0,1.0165233617997729,0.14805764002041868,2000,200
82,0,gaussian_500,gaussian,easy,2.2,10,490,500,impacc,0.9032087309622454,0.04242035797526615,0.9,0.03333333333333333,16.1306095145992,1.1386265353728657,2000,200
83,0,gaussian_500,gaussian,easy,2.2,10,490,500,split_cloc,0.9620493790806259,0.02530208926426648,0.01,0.009999999999999998,36.39470349210315,1.6604154227779104,2000,200
84,0,gaussian_500,gaussian,easy,2.2,10,490,500,cloc,0.8544220986067209,0.03536863429332311,0.9800000000000001,0.013333333333333329,47.27258447490749,1.8654926004283168,2000,200
85,0,gaussian_500,gaussian,easy,2.2,10,490,500,rampart,0.961840686355721,0.025439544690598843,0.99,0.009999999999999997,22.32349334299215,0.5282380114518841,2000,200
86,0,gaussian_500,gaussian,easy,2.2,10,490,500,perm,0.9311219037859096,0.038544587370799695,0.6699999999999999,0.03666666666666667,27.69894553789636,1.7780526260573317,2000,200
87,0,gaussian_500,gaussian,easy,2.2,10,490,500,cshap,0.32661770209928687,0.04418842473737319,0.1,0.0,10.5363086608937,0.7798874695212836,2000,200
88,0,gaussian_500,gaussian,hard,1.7,10,490,500,pbfi,0.8929119046379916,0.03857534966768886,1.0,0.0,0.04536390280118212,0.0013425368907627286,2000,200
89,0,gaussian_500,gaussian,hard,1.7,10,490,500,lrp,0.8929119046379916,0.03857534966768886,1.0,0.0,0.5995645307877566,0.21950785483057608,2000,200
90,0,gaussian_500,gaussian,hard,1.7,10,490,500,impacc,0.6796601471864029,0.09181446238713421,0.77,0.05385164807134505,7.3089365166961215,0.4503492348974534,2000,200
91,0,gaussian_500,gaussian,hard,1.7,10,490,500,split_cloc,0.8929119046379916,0.03857534966768886,0.02,0.013333333333333332,19.425454584503314,0.4133988364243659,2000,200
92,0,gaussian_500,gaussian,hard,1.7,10,490,500,cloc,0.8876411799718337,0.030501138727474102,0.97,0.015275252316519461,21.71391292439075,0.14785906125747594,2000,200
93,0,gaussian_500,gaussian,hard,1.7,10,490,500,rampart,0.923061397636198,0.03129701208890888,0.9800000000000001,0.013333333333333329,9.180096861493075,0.11168990419276793,2000,200
94,0,gaussian_500,gaussian,hard,1.7,10,490,500,perm,0.8743880217886781,0.027607613126350666,0.86,0.04268749491621899,13.394303308799863,0.2412430609698368,2000,200
95,0,gaussian_500,gaussian,hard,1.7,10,490,500,cshap,0.32614421848466874,0.045070577117277626,0.1,0.0,4.6154130100039765,0.24989795673812495,2000,200
96,0,moon_1000,moon-donut,easy,2.4,10,990,1000,pbfi,0.033494108672784406,0.0151315463151435,0.29,0.07666666666666666,0.16298999950522558,0.018348143026678542,2000,200
97,0,moon_1000,moon-donut,easy,2.4,10,990,1000,lrp,0.033494108672784406,0.0151315463151435,0.8699999999999999,0.06999999999999999,0.8892201847978868,0.18143341802606572,2000,200
98,0,moon_1000,moon-donut,easy,2.4,10,990,1000,impacc,0.6163072122622129,0.08227883763899364,0.9100000000000001,0.017950549357115007,14.670022132300073,1.0169564713882528,2000,200
99,0,moon_1000,moon-donut,easy,2.4,10,990,1000,split_cloc,0.033494108672784406,0.0151315463151435,0.01,0.009999999999999998,455.03330116090365,31.818479955380518,2000,200
100,0,moon_1000,moon-donut,easy,2.4,10,990,1000,cloc,0.030894835742789957,0.004300654746022684,0.41,0.0706320670013903,323.2267406713101,23.078368709321854,2000,200
101,0,moon_1000,moon-donut,easy,2.4,10,990,1000,rampart,0.449031265885365,0.09297431433061608,0.43999999999999995,0.07023769168568493,325.3201529635,24.824698576014622,2000,200
102,0,moon_1000,moon-donut,easy,2.4,10,990,1000,perm,0.030894835742789957,0.004300654746022684,0.01,0.009999999999999998,1789.1867648021841,105.65840926826428,2000,200
103,0,moon_1000,moon-donut,easy,2.4,10,990,1000,cshap,0.10531821767217434,0.022964955165007028,0.1,0.0,19.297580615308835,1.1090230007819202,2000,200
104,0,moon_1000,moon-donut,hard,1.2,10,990,1000,pbfi,0.0008363672611178367,0.00031214360974705934,0.0,0.0,0.11788368409033864,0.005323567469867667,2000,200
105,0,moon_1000,moon-donut,hard,1.2,10,990,1000,lrp,0.0008363672611178367,0.00031214360974705934,0.02,0.019999999999999997,0.5062751804944128,0.022576887291196987,2000,200
106,0,moon_1000,moon-donut,hard,1.2,10,990,1000,impacc,-1.0399626955250606e-06,9.491826302613732e-07,0.0,0.0,11.59629220960196,0.37731207795225524,2000,200
107,0,moon_1000,moon-donut,hard,1.2,10,990,1000,split_cloc,0.0008363672611178367,0.00031214360974705934,0.01,0.009999999999999998,341.49918816071005,6.610930881921592,2000,200
108,0,moon_1000,moon-donut,hard,1.2,10,990,1000,cloc,0.0009229537098366231,0.0003906737143757762,0.0,0.0,210.3019458097173,3.9318639574647625,2000,200
109,0,moon_1000,moon-donut,hard,1.2,10,990,1000,rampart,0.0006459672407624404,0.00036528635689220864,0.0,0.0,190.0636354032904,4.193170528547132,2000,200
110,0,moon_1000,moon-donut,hard,1.2,10,990,1000,perm,0.0009229537098366231,0.0003906737143757762,0.01,0.009999999999999998,1250.0345320774127,55.59691801410699,2000,200
111,0,moon_1000,moon-donut,hard,1.2,10,990,1000,cshap,0.001333853103842995,0.0005764918890149007,0.1,0.0,12.513159064704087,0.41882087021771675,2000,200
112,0,moon_20,moon-donut,easy,2.4,10,10,20,pbfi,0.41020973064265964,0.041577193563331165,0.6799999999999999,0.06110100926607786,0.0076807714940514416,0.0006953825833169407,2000,200
113,0,moon_20,moon-donut,easy,2.4,10,10,20,lrp,0.41020973064265964,0.041577193563331165,0.97,0.02134374745810949,0.5698333415086381,0.2030637566362503,2000,200
114,0,moon_20,moon-donut,easy,2.4,10,10,20,impacc,0.9408352322530918,0.023051840326741513,0.77,0.05587684871413404,13.23856296520098,0.14416714321184046,2000,200
115,0,moon_20,moon-donut,easy,2.4,10,10,20,split_cloc,0.41020973064265964,0.041577193563331165,0.57,0.05174724898753341,2.2471096636145376,0.3047412682704991,2000,200
116,0,moon_20,moon-donut,easy,2.4,10,10,20,cloc,0.5216136076463636,0.05773979826717116,0.96,0.026666666666666658,114.236010665301,0.41465349055706446,2000,200
117,0,moon_20,moon-donut,easy,2.4,10,10,20,rampart,0.9495275030661496,0.026111097703995556,0.99,0.009999999999999997,55.904297915799546,0.4739932988640668,2000,200
118,0,moon_20,moon-donut,easy,2.4,10,10,20,perm,0.5216136076463636,0.05773979826717116,0.54,0.04760952285695233,8.496291863702936,0.20213558025408063,2000,200
119,0,moon_20,moon-donut,easy,2.4,10,10,20,cshap,0.24945133198933953,0.01711822485398154,0.4,0.049441323247304415,3.146205580397509,0.21319522750018544,2000,200
120,0,moon_20,moon-donut,hard,1.2,10,10,20,pbfi,0.18996353495210988,0.03332018792309568,0.49000000000000005,0.05859465277082315,0.020021494990214706,0.0031099375335099763,2000,200
121,0,moon_20,moon-donut,hard,1.2,10,10,20,lrp,0.18996353495210988,0.03332018792309568,0.8299999999999998,0.03666666666666667,1.0765089314896614,0.30829920949208595,2000,200
122,0,moon_20,moon-donut,hard,1.2,10,10,20,impacc,0.09957814536195256,0.049580354277936674,0.13,0.030000000000000002,19.596799588401336,1.3260285974635668,2000,200
123,0,moon_20,moon-donut,hard,1.2,10,10,20,split_cloc,0.18996353495210988,0.03332018792309568,0.6399999999999999,0.026666666666666672,5.491987471317406,1.482066215470842,2000,200
124,0,moon_20,moon-donut,hard,1.2,10,10,20,cloc,0.23815270474100597,0.03871499461655117,0.8,0.07149203529842406,238.6221736181993,6.978243209706243,2000,200
125,0,moon_20,moon-donut,hard,1.2,10,10,20,rampart,0.7030217841068424,0.09426617781356013,0.8800000000000001,0.044221663871405324,110.01446491407697,2.9138195802289983,2000,200
126,0,moon_20,moon-donut,hard,1.2,10,10,20,perm,0.23815270474100597,0.03871499461655117,0.53,0.03958114029012638,13.17331745759584,0.7579866492293728,2000,200
127,0,moon_20,moon-donut,hard,1.2,10,10,20,cshap,0.11865523321056966,0.017853083259992394,0.41999999999999993,0.044221663871405324,6.732994682271965,0.6047201496744412,2000,200
128,0,moon_200,moon-donut,easy,2.4,10,190,200,pbfi,0.32507251797060954,0.03940617274409707,0.74,0.10022197585581939,0.05785509871202521,0.0069381381410311875,2000,200
129,0,moon_200,moon-donut,easy,2.4,10,190,200,lrp,0.32507251797060954,0.03940617274409707,1.0,0.0,0.7446434228972066,0.12355063287984122,2000,200
130,0,moon_200,moon-donut,easy,2.4,10,190,200,impacc,0.4925251346034349,0.07434241165621618,0.47000000000000003,0.042295258468165065,13.318419083900517,0.5048103034231223,2000,200
131,0,moon_200,moon-donut,easy,2.4,10,190,200,split_cloc,0.32507251797060954,0.03940617274409707,0.25,0.04013864859597431,48.67058973820531,1.6343748422388285,2000,200
132,0,moon_200,moon-donut,easy,2.4,10,190,200,cloc,0.2182285736090413,0.025656293799896788,0.8,0.0447213595499958,235.65812463549082,6.262097180451499,2000,200
133,0,moon_200,moon-donut,easy,2.4,10,190,200,rampart,0.8289432491460114,0.07528289072046071,0.8300000000000001,0.03666666666666667,220.0049937443924,6.627936271965384,2000,200
134,0,moon_200,moon-donut,easy,2.4,10,190,200,perm,0.2182285736090413,0.025656293799896788,0.13999999999999999,0.039999999999999994,169.16599748549052,7.17932110890743,2000,200
135,0,moon_200,moon-donut,easy,2.4,10,190,200,cshap,0.22949005550934487,0.025037931852534976,0.2,0.0,7.465498100611148,0.5342379409675758,2000,200
136,0,moon_200,moon-donut,hard,1.2,10,190,200,pbfi,0.010657496351677214,0.004183460952729625,0.030000000000000006,0.021343747458109495,0.0802509304950945,0.009681089554777617,2000,200
137,0,moon_200,moon-donut,hard,1.2,10,190,200,lrp,0.010657496351677214,0.004183460952729625,0.61,0.07810249675906654,1.675938296422828,0.6255695267017138,2000,200
138,0,moon_200,moon-donut,hard,1.2,10,190,200,impacc,7.269267715028986e-05,0.00012538181383013516,0.0,0.0,19.381750408059453,1.2567476725184663,2000,200
139,0,moon_200,moon-donut,hard,1.2,10,190,200,split_cloc,0.010657496351677214,0.004183460952729625,0.030000000000000006,0.01527525231651947,70.67610260708025,3.298788530807036,2000,200
140,0,moon_200,moon-donut,hard,1.2,10,190,200,cloc,0.010102396304225452,0.003833295164784986,0.1,0.04714045207910317,299.1875725599937,12.177309963656013,2000,200
141,0,moon_200,moon-donut,hard,1.2,10,190,200,rampart,0.01074580710217244,0.007693287422072314,0.04,0.026666666666666665,260.028935844521,11.916451858945958,2000,200
142,0,moon_200,moon-donut,hard,1.2,10,190,200,perm,0.010102396304225452,0.003833295164784986,0.02,0.013333333333333332,231.59707201099954,9.004245814572073,2000,200
143,0,moon_200,moon-donut,hard,1.2,10,190,200,cshap,0.013758776609124649,0.00650477202842991,0.2,0.0,8.988299998280127,0.7010316843263806,2000,200
144,0,moon_50,moon-donut,easy,2.4,10,40,50,pbfi,0.39422648068901933,0.053959632706708414,0.7,0.07453559924999298,0.034424884512554856,0.0057503676554347145,2000,200
145,0,moon_50,moon-donut,easy,2.4,10,40,50,lrp,0.39422648068901933,0.053959632706708414,0.99,0.009999999999999997,0.8879939385107718,0.21914274472332715,2000,200
146,0,moon_50,moon-donut,easy,2.4,10,40,50,impacc,0.7458135754454102,0.04756466176923972,0.58,0.05120763831912405,14.561527603899595,0.8269819476089335,2000,200
147,0,moon_50,moon-donut,easy,2.4,10,40,50,split_cloc,0.39422648068901933,0.053959632706708414,0.43000000000000005,0.042295258468165065,10.259683851595037,1.090821824878269,2000,200
148,0,moon_50,moon-donut,easy,2.4,10,40,50,cloc,0.32998920936127574,0.04159985675432428,0.9,0.03944053188733077,217.42964683970203,3.749011063178464,2000,200
149,0,moon_50,moon-donut,easy,2.4,10,40,50,rampart,0.7640098465820621,0.0682771295437905,0.95,0.030731814857642953,137.58498106621556,3.019270808928762,2000,200
150,0,moon_50,moon-donut,easy,2.4,10,40,50,perm,0.32998920936127574,0.04159985675432428,0.22000000000000003,0.02905932629027115,33.0248278812971,1.2979211958458947,2000,200
151,0,moon_50,moon-donut,easy,2.4,10,40,50,cshap,0.24404798045312245,0.025031298403061144,0.38,0.04898979485566356,6.484196016401984,0.4553499362067181,2000,200
152,0,moon_50,moon-donut,hard,1.2,10,40,50,pbfi,0.1272108443094505,0.030387000387078315,0.29000000000000004,0.05666666666666666,0.03494540872052312,0.0034332679772354074,2000,200
153,0,moon_50,moon-donut,hard,1.2,10,40,50,lrp,0.1272108443094505,0.030387000387078315,0.8,0.03651483716701108,1.0157977565890177,0.29935262659553624,2000,200
154,0,moon_50,moon-donut,hard,1.2,10,40,50,impacc,0.03921040666234442,0.027947653058141356,0.030000000000000006,0.021343747458109495,17.487295160419308,1.2444742810300893,2000,200
155,0,moon_50,moon-donut,hard,1.2,10,40,50,split_cloc,0.1272108443094505,0.030387000387078315,0.33999999999999997,0.0581186525805423,14.142325059394352,1.5698617852314103,2000,200
156,0,moon_50,moon-donut,hard,1.2,10,40,50,cloc,0.0969962100987097,0.023329338208790174,0.65,0.058214163988576595,257.48075958039846,9.92845718272968,2000,200
157,0,moon_50,moon-donut,hard,1.2,10,40,50,rampart,0.2458580090314654,0.08139512528810601,0.55,0.12041594578792296,156.02714891842334,5.285752219015921,2000,200
158,0,moon_50,moon-donut,hard,1.2,10,40,50,perm,0.0969962100987097,0.023329338208790174,0.18,0.04163331998932266,38.41047427969752,2.554123875419764,2000,200
159,0,moon_50,moon-donut,hard,1.2,10,40,50,cshap,0.08550516372346208,0.0200017674677407,0.23000000000000004,0.03666666666666667,7.49766630489612,0.5992374293984041,2000,200
160,0,moon_500,moon-donut,easy,2.4,10,490,500,pbfi,0.13700730146014417,0.023821033592442375,0.5800000000000001,0.07859884081701064,0.1052474077034276,0.014298068874586813,2000,200
161,0,moon_500,moon-donut,easy,2.4,10,490,500,lrp,0.13700730146014417,0.023821033592442375,0.99,0.009999999999999997,0.8289758550061379,0.08684176877412574,2000,200
162,0,moon_500,moon-donut,easy,2.4,10,490,500,impacc,0.4889945064133596,0.08368413403138586,0.73,0.05385164807134505,13.414654901396716,1.0119837397782614,2000,200
163,0,moon_500,moon-donut,easy,2.4,10,490,500,split_cloc,0.13700730146014417,0.023821033592442375,0.09,0.01795054935711501,177.52973915340846,11.152700427425506,2000,200
164,0,moon_500,moon-donut,easy,2.4,10,490,500,cloc,0.10245206505871626,0.013104603996082258,0.62,0.06798692684790379,276.19560672760707,11.18992450199195,2000,200
165,0,moon_500,moon-donut,easy,2.4,10,490,500,rampart,0.7560496054667458,0.08258929942968915,0.6799999999999999,0.07118052168020873,276.8678791022045,10.082462881601138,2000,200
166,0,moon_500,moon-donut,easy,2.4,10,490,500,perm,0.10245206505871626,0.013104603996082258,0.05,0.0268741924943285,660.4333732942935,28.72506993248755,2000,200
167,0,moon_500,moon-donut,easy,2.4,10,490,500,cshap,0.19161818605829356,0.020654394364836647,0.1,0.0,17.666303888399852,0.708446614746157,2000,200
168,0,moon_500,moon-donut,hard,1.2,10,490,500,pbfi,0.003284931799406552,0.0006905978208146635,0.01,0.009999999999999998,0.2098631238215603,0.01137670345399726,2000,200
169,0,moon_500,moon-donut,hard,1.2,10,490,500,lrp,0.003284931799406552,0.0006905978208146635,0.25,0.09219544457292886,1.5123992986045778,0.26925280877963204,2000,200
170,0,moon_500,moon-donut,hard,1.2,10,490,500,impacc,-8.168376939332121e-07,1.7423913942568256e-06,0.0,0.0,32.83033533879789,1.4723907067155235,2000,200
171,0,moon_500,moon-donut,hard,1.2,10,490,500,split_cloc,0.003284931799406552,0.0006905978208146635,0.07,0.021343747458109495,335.6247996453079,7.4911367093452,2000,200
172,0,moon_500,moon-donut,hard,1.2,10,490,500,cloc,0.0026418218427164786,0.0004506915771876689,0.01,0.009999999999999998,495.4353405938833,7.47693634172435,2000,200
173,0,moon_500,moon-donut,hard,1.2,10,490,500,rampart,0.004981902393692109,0.005057892625684023,0.03,0.030000000000000002,417.6378315701266,28.18908551666278,2000,200
174,0,moon_500,moon-donut,hard,1.2,10,490,500,perm,0.0026418218427164786,0.0004506915771876689,0.0,0.0,1221.7983240184956,84.64080830953672,2000,200
175,0,moon_500,moon-donut,hard,1.2,10,490,500,cshap,0.0027284568155942807,0.0007160660196326727,0.1,0.0,23.19619142389856,1.5033775285780477,2000,200
